Type,Name,Request Count,Failure Count,Median Response Time,Average Response Time,Min Response Time,Max Response Time,Average Content Size,Requests/s,Failures/s,50%,66%,75%,80%,90%,95%,98%,99%,99.9%,99.99%,100%
GET,/jsonresponse?seed=1&arraysize=10000&requestnumber=9373,1,0,5.449238000437617,5.449238000437617,5.449238000437617,5.449238000437617,285.0,0.001001951234565603,0.0,5,5,5,5,5,5,5,5,5,5,5
GET,/jsonresponse?seed=10&arraysize=10000&requestnumber=5732,1,0,5.591074004769325,5.591074004769325,5.591074004769325,5.591074004769325,286.0,0.001001951234565603,0.0,6,6,6,6,6,6,6,6,6,6,6
GET,/jsonresponse?seed=1033&arraysize=10000&requestnumber=3314,1,0,22.532221977598965,22.532221977598965,22.532221977598965,22.532221977598965,287.0,0.001001951234565603,0.0,23,23,23,23,23,23,23,23,23,23,23
GET,/jsonresponse?seed=1042&arraysize=10000&requestnumber=2113,1,0,7.272252987604588,7.272252987604588,7.272252987604588,7.272252987604588,287.0,0.001001951234565603,0.0,7,7,7,7,7,7,7,7,7,7,7
GET,/jsonresponse?seed=1046&arraysize=10000&requestnumber=4223,1,0,5.241625010967255,5.241625010967255,5.241625010967255,5.241625010967255,287.0,0.001001951234565603,0.0,5,5,5,5,5,5,5,5,5,5,5
GET,/jsonresponse?seed=106&arraysize=10000&requestnumber=104,1,0,5.482113978359848,5.482113978359848,5.482113978359848,5.482113978359848,286.0,0.001001951234565603,0.0,5,5,5,5,5,5,5,5,5,5,5
GET,/jsonresponse?seed=1078&arraysize=10000&requestnumber=3487,1,0,5.397251981776208,5.397251981776208,5.397251981776208,5.397251981776208,288.0,0.001001951234565603,0.0,5,5,5,5,5,5,5,5,5,5,5
GET,/jsonresponse?seed=1108&arraysize=10000&requestnumber=8037,1,0,5.565049999859184,5.565049999859184,5.565049999859184,5.565049999859184,289.0,0.001001951234565603,0.0,6,6,6,6,6,6,6,6,6,6,6
GET,/jsonresponse?seed=1125&arraysize=10000&requestnumber=7635,1,0,5.375001055654138,5.375001055654138,5.375001055654138,5.375001055654138,288.0,0.001001951234565603,0.0,5,5,5,5,5,5,5,5,5,5,5
GET,/jsonresponse?seed=113&arraysize=10000&requestnumber=831,1,0,7.168402022216469,7.168402022216469,7.168402022216469,7.168402022216469,285.0,0.001001951234565603,0.0,7,7,7,7,7,7,7,7,7,7,7
GET,/jsonresponse?seed=1136&arraysize=10000&requestnumber=536,1,0,5.487325019203126,5.487325019203126,5.487325019203126,5.487325019203126,287.0,0.001001951234565603,0.0,5,5,5,5,5,5,5,5,5,5,5
GET,/jsonresponse?seed=1158&arraysize=10000&requestnumber=7316,1,0,7.856074022129178,7.856074022129178,7.856074022129178,7.856074022129178,288.0,0.001001951234565603,0.0,8,8,8,8,8,8,8,8,8,8,8
GET,/jsonresponse?seed=1194&arraysize=10000&requestnumber=5791,1,0,5.2668299758806825,5.2668299758806825,5.2668299758806825,5.2668299758806825,289.0,0.001001951234565603,0.0,5,5,5,5,5,5,5,5,5,5,5
GET,/jsonresponse?seed=1204&arraysize=10000&requestnumber=705,1,0,5.608547013252974,5.608547013252974,5.608547013252974,5.608547013252974,286.0,0.001001951234565603,0.0,6,6,6,6,6,6,6,6,6,6,6
GET,/jsonresponse?seed=1209&arraysize=10000&requestnumber=5072,1,0,5.4129380150698125,5.4129380150698125,5.4129380150698125,5.4129380150698125,287.0,0.001001951234565603,0.0,5,5,5,5,5,5,5,5,5,5,5
GET,/jsonresponse?seed=1210&arraysize=10000&requestnumber=4569,1,0,5.303131998516619,5.303131998516619,5.303131998516619,5.303131998516619,289.0,0.001001951234565603,0.0,5,5,5,5,5,5,5,5,5,5,5
GET,/jsonresponse?seed=1215&arraysize=10000&requestnumber=5643,1,0,5.3409679676406085,5.3409679676406085,5.3409679676406085,5.3409679676406085,288.0,0.001001951234565603,0.0,5,5,5,5,5,5,5,5,5,5,5
GET,/jsonresponse?seed=1234&arraysize=10000&requestnumber=6638,1,0,17.125789949204773,17.125789949204773,17.125789949204773,17.125789949204773,289.0,0.001001951234565603,0.0,17,17,17,17,17,17,17,17,17,17,17
GET,/jsonresponse?seed=1248&arraysize=10000&requestnumber=1787,1,0,6.375872006174177,6.375872006174177,6.375872006174177,6.375872006174177,288.0,0.001001951234565603,0.0,6,6,6,6,6,6,6,6,6,6,6
GET,/jsonresponse?seed=1261&arraysize=10000&requestnumber=1091,1,0,5.359478003811091,5.359478003811091,5.359478003811091,5.359478003811091,287.0,0.001001951234565603,0.0,5,5,5,5,5,5,5,5,5,5,5
GET,/jsonresponse?seed=1261&arraysize=10000&requestnumber=4125,1,0,6.669476977549493,6.669476977549493,6.669476977549493,6.669476977549493,288.0,0.001001951234565603,0.0,7,7,7,7,7,7,7,7,7,7,7
GET,/jsonresponse?seed=1261&arraysize=10000&requestnumber=4343,1,0,5.306301987729967,5.306301987729967,5.306301987729967,5.306301987729967,288.0,0.001001951234565603,0.0,5,5,5,5,5,5,5,5,5,5,5
GET,/jsonresponse?seed=1263&arraysize=10000&requestnumber=2258,1,0,10.740253026597202,10.740253026597202,10.740253026597202,10.740253026597202,287.0,0.001001951234565603,0.0,11,11,11,11,11,11,11,11,11,11,11
GET,/jsonresponse?seed=1269&arraysize=10000&requestnumber=5852,1,0,5.557363969273865,5.557363969273865,5.557363969273865,5.557363969273865,289.0,0.001001951234565603,0.0,6,6,6,6,6,6,6,6,6,6,6
GET,/jsonresponse?seed=128&arraysize=10000&requestnumber=7207,1,0,5.56906801648438,5.56906801648438,5.56906801648438,5.56906801648438,285.0,0.001001951234565603,0.0,6,6,6,6,6,6,6,6,6,6,6
GET,/jsonresponse?seed=1281&arraysize=10000&requestnumber=82,1,0,5.271894973702729,5.271894973702729,5.271894973702729,5.271894973702729,287.0,0.001001951234565603,0.0,5,5,5,5,5,5,5,5,5,5,5
GET,/jsonresponse?seed=1282&arraysize=10000&requestnumber=300,1,0,5.4162549786269665,5.4162549786269665,5.4162549786269665,5.4162549786269665,287.0,0.001001951234565603,0.0,5,5,5,5,5,5,5,5,5,5,5
GET,/jsonresponse?seed=1330&arraysize=10000&requestnumber=8167,1,0,5.3940279758535326,5.3940279758535326,5.3940279758535326,5.3940279758535326,288.0,0.001001951234565603,0.0,5,5,5,5,5,5,5,5,5,5,5
GET,/jsonresponse?seed=1344&arraysize=10000&requestnumber=1763,1,0,5.599128024186939,5.599128024186939,5.599128024186939,5.599128024186939,287.0,0.001001951234565603,0.0,6,6,6,6,6,6,6,6,6,6,6
GET,/jsonresponse?seed=1346&arraysize=10000&requestnumber=9578,1,0,5.478357023093849,5.478357023093849,5.478357023093849,5.478357023093849,288.0,0.001001951234565603,0.0,5,5,5,5,5,5,5,5,5,5,5
GET,/jsonresponse?seed=1383&arraysize=10000&requestnumber=7926,1,0,5.365559016354382,5.365559016354382,5.365559016354382,5.365559016354382,288.0,0.001001951234565603,0.0,5,5,5,5,5,5,5,5,5,5,5
GET,/jsonresponse?seed=1418&arraysize=10000&requestnumber=2083,1,0,5.821785016451031,5.821785016451031,5.821785016451031,5.821785016451031,287.0,0.001001951234565603,0.0,6,6,6,6,6,6,6,6,6,6,6
GET,/jsonresponse?seed=1423&arraysize=10000&requestnumber=5543,1,0,5.497988022398204,5.497988022398204,5.497988022398204,5.497988022398204,288.0,0.001001951234565603,0.0,5,5,5,5,5,5,5,5,5,5,5
GET,/jsonresponse?seed=1461&arraysize=10000&requestnumber=4657,1,0,16.209836001507938,16.209836001507938,16.209836001507938,16.209836001507938,288.0,0.001001951234565603,0.0,16,16,16,16,16,16,16,16,16,16,16
GET,/jsonresponse?seed=15&arraysize=10000&requestnumber=3584,1,0,5.320718977600336,5.320718977600336,5.320718977600336,5.320718977600336,287.0,0.001001951234565603,0.0,5,5,5,5,5,5,5,5,5,5,5
GET,/jsonresponse?seed=15&arraysize=10000&requestnumber=6675,1,0,9.907575033139437,9.907575033139437,9.907575033139437,9.907575033139437,287.0,0.001001951234565603,0.0,10,10,10,10,10,10,10,10,10,10,10
GET,/jsonresponse?seed=1511&arraysize=10000&requestnumber=7539,1,0,5.355225002858788,5.355225002858788,5.355225002858788,5.355225002858788,287.0,0.001001951234565603,0.0,5,5,5,5,5,5,5,5,5,5,5
GET,/jsonresponse?seed=1533&arraysize=10000&requestnumber=3156,1,0,14.450110960751772,14.450110960751772,14.450110960751772,14.450110960751772,289.0,0.001001951234565603,0.0,14,14,14,14,14,14,14,14,14,14,14
GET,/jsonresponse?seed=1535&arraysize=10000&requestnumber=5341,1,0,6.6131799831055105,6.6131799831055105,6.6131799831055105,6.6131799831055105,289.0,0.001001951234565603,0.0,7,7,7,7,7,7,7,7,7,7,7
GET,/jsonresponse?seed=1553&arraysize=10000&requestnumber=9186,1,0,5.236246041022241,5.236246041022241,5.236246041022241,5.236246041022241,289.0,0.001001951234565603,0.0,5,5,5,5,5,5,5,5,5,5,5
GET,/jsonresponse?seed=1559&arraysize=10000&requestnumber=8767,1,0,5.434217979200184,5.434217979200184,5.434217979200184,5.434217979200184,288.0,0.001001951234565603,0.0,5,5,5,5,5,5,5,5,5,5,5
GET,/jsonresponse?seed=1568&arraysize=10000&requestnumber=637,1,0,21.53935795649886,21.53935795649886,21.53935795649886,21.53935795649886,286.0,0.001001951234565603,0.0,22,22,22,22,22,22,22,22,22,22,22
GET,/jsonresponse?seed=1593&arraysize=10000&requestnumber=1989,1,0,5.298289004713297,5.298289004713297,5.298289004713297,5.298289004713297,286.0,0.001001951234565603,0.0,5,5,5,5,5,5,5,5,5,5,5
GET,/jsonresponse?seed=1599&arraysize=10000&requestnumber=2636,1,0,43.366263969801366,43.366263969801366,43.366263969801366,43.366263969801366,287.0,0.001001951234565603,0.0,43,43,43,43,43,43,43,43,43,43,43
GET,/jsonresponse?seed=1665&arraysize=10000&requestnumber=4145,1,0,5.327399005182087,5.327399005182087,5.327399005182087,5.327399005182087,288.0,0.001001951234565603,0.0,5,5,5,5,5,5,5,5,5,5,5
GET,/jsonresponse?seed=1720&arraysize=10000&requestnumber=1668,1,0,6.6833909950219095,6.6833909950219095,6.6833909950219095,6.6833909950219095,288.0,0.001001951234565603,0.0,7,7,7,7,7,7,7,7,7,7,7
GET,/jsonresponse?seed=173&arraysize=10000&requestnumber=7206,1,0,5.43708901386708,5.43708901386708,5.43708901386708,5.43708901386708,287.0,0.001001951234565603,0.0,5,5,5,5,5,5,5,5,5,5,5
GET,/jsonresponse?seed=1778&arraysize=10000&requestnumber=914,1,0,6.410581991076469,6.410581991076469,6.410581991076469,6.410581991076469,288.0,0.001001951234565603,0.0,6,6,6,6,6,6,6,6,6,6,6
GET,/jsonresponse?seed=1788&arraysize=10000&requestnumber=6261,1,0,8.04499798687175,8.04499798687175,8.04499798687175,8.04499798687175,287.0,0.001001951234565603,0.0,8,8,8,8,8,8,8,8,8,8,8
GET,/jsonresponse?seed=1788&arraysize=10000&requestnumber=8727,1,0,6.397725024726242,6.397725024726242,6.397725024726242,6.397725024726242,287.0,0.001001951234565603,0.0,6,6,6,6,6,6,6,6,6,6,6
GET,/jsonresponse?seed=1789&arraysize=10000&requestnumber=5370,1,0,5.487673974130303,5.487673974130303,5.487673974130303,5.487673974130303,288.0,0.001001951234565603,0.0,5,5,5,5,5,5,5,5,5,5,5
GET,/jsonresponse?seed=1802&arraysize=10000&requestnumber=8154,1,0,5.3225849987939,5.3225849987939,5.3225849987939,5.3225849987939,289.0,0.001001951234565603,0.0,5,5,5,5,5,5,5,5,5,5,5
GET,/jsonresponse?seed=1821&arraysize=10000&requestnumber=9593,1,0,7.048255007248372,7.048255007248372,7.048255007248372,7.048255007248372,288.0,0.001001951234565603,0.0,7,7,7,7,7,7,7,7,7,7,7
GET,/jsonresponse?seed=183&arraysize=10000&requestnumber=4229,1,0,5.324402009136975,5.324402009136975,5.324402009136975,5.324402009136975,288.0,0.001001951234565603,0.0,5,5,5,5,5,5,5,5,5,5,5
GET,/jsonresponse?seed=1836&arraysize=10000&requestnumber=3754,1,0,6.622957007493824,6.622957007493824,6.622957007493824,6.622957007493824,288.0,0.001001951234565603,0.0,7,7,7,7,7,7,7,7,7,7,7
GET,/jsonresponse?seed=1836&arraysize=10000&requestnumber=4239,1,0,5.666145007126033,5.666145007126033,5.666145007126033,5.666145007126033,288.0,0.001001951234565603,0.0,6,6,6,6,6,6,6,6,6,6,6
GET,/jsonresponse?seed=1861&arraysize=10000&requestnumber=7704,1,0,5.57930301874876,5.57930301874876,5.57930301874876,5.57930301874876,287.0,0.001001951234565603,0.0,6,6,6,6,6,6,6,6,6,6,6
GET,/jsonresponse?seed=1868&arraysize=10000&requestnumber=1090,1,0,18.027373997028917,18.027373997028917,18.027373997028917,18.027373997028917,289.0,0.001001951234565603,0.0,18,18,18,18,18,18,18,18,18,18,18
GET,/jsonresponse?seed=189&arraysize=10000&requestnumber=8051,1,0,5.434138001874089,5.434138001874089,5.434138001874089,5.434138001874089,285.0,0.001001951234565603,0.0,5,5,5,5,5,5,5,5,5,5,5
GET,/jsonresponse?seed=1904&arraysize=10000&requestnumber=8773,1,0,6.5484190126881,6.5484190126881,6.5484190126881,6.5484190126881,288.0,0.001001951234565603,0.0,7,7,7,7,7,7,7,7,7,7,7
GET,/jsonresponse?seed=1944&arraysize=10000&requestnumber=4906,1,0,8.035451988689601,8.035451988689601,8.035451988689601,8.035451988689601,288.0,0.001001951234565603,0.0,8,8,8,8,8,8,8,8,8,8,8
GET,/jsonresponse?seed=1971&arraysize=10000&requestnumber=299,1,0,7.120813999790698,7.120813999790698,7.120813999790698,7.120813999790698,286.0,0.001001951234565603,0.0,7,7,7,7,7,7,7,7,7,7,7
GET,/jsonresponse?seed=1990&arraysize=10000&requestnumber=9263,1,0,26.284567022230476,26.284567022230476,26.284567022230476,26.284567022230476,287.0,0.001001951234565603,0.0,26,26,26,26,26,26,26,26,26,26,26
GET,/jsonresponse?seed=2021&arraysize=10000&requestnumber=3470,1,0,5.3144029807299376,5.3144029807299376,5.3144029807299376,5.3144029807299376,288.0,0.001001951234565603,0.0,5,5,5,5,5,5,5,5,5,5,5
GET,/jsonresponse?seed=2029&arraysize=10000&requestnumber=6590,1,0,5.587814026512206,5.587814026512206,5.587814026512206,5.587814026512206,287.0,0.001001951234565603,0.0,6,6,6,6,6,6,6,6,6,6,6
GET,/jsonresponse?seed=2070&arraysize=10000&requestnumber=7838,1,0,5.511720955837518,5.511720955837518,5.511720955837518,5.511720955837518,288.0,0.001001951234565603,0.0,6,6,6,6,6,6,6,6,6,6,6
GET,/jsonresponse?seed=2088&arraysize=10000&requestnumber=7809,1,0,16.088153002783656,16.088153002783656,16.088153002783656,16.088153002783656,288.0,0.001001951234565603,0.0,16,16,16,16,16,16,16,16,16,16,16
GET,/jsonresponse?seed=2112&arraysize=10000&requestnumber=8570,1,0,6.563841016031802,6.563841016031802,6.563841016031802,6.563841016031802,288.0,0.001001951234565603,0.0,7,7,7,7,7,7,7,7,7,7,7
GET,/jsonresponse?seed=213&arraysize=10000&requestnumber=1019,1,0,5.5693479953333735,5.5693479953333735,5.5693479953333735,5.5693479953333735,287.0,0.001001951234565603,0.0,6,6,6,6,6,6,6,6,6,6,6
GET,/jsonresponse?seed=2130&arraysize=10000&requestnumber=1404,1,0,5.519064026884735,5.519064026884735,5.519064026884735,5.519064026884735,287.0,0.001001951234565603,0.0,6,6,6,6,6,6,6,6,6,6,6
GET,/jsonresponse?seed=2172&arraysize=10000&requestnumber=7647,1,0,5.726066010538489,5.726066010538489,5.726066010538489,5.726066010538489,288.0,0.001001951234565603,0.0,6,6,6,6,6,6,6,6,6,6,6
GET,/jsonresponse?seed=2193&arraysize=10000&requestnumber=8419,1,0,5.594560003373772,5.594560003373772,5.594560003373772,5.594560003373772,288.0,0.001001951234565603,0.0,6,6,6,6,6,6,6,6,6,6,6
GET,/jsonresponse?seed=2212&arraysize=10000&requestnumber=8643,1,0,5.563517974223942,5.563517974223942,5.563517974223942,5.563517974223942,289.0,0.001001951234565603,0.0,6,6,6,6,6,6,6,6,6,6,6
GET,/jsonresponse?seed=2217&arraysize=10000&requestnumber=4719,1,0,5.370510974898934,5.370510974898934,5.370510974898934,5.370510974898934,287.0,0.001001951234565603,0.0,5,5,5,5,5,5,5,5,5,5,5
GET,/jsonresponse?seed=2218&arraysize=10000&requestnumber=6364,1,0,5.281766003463417,5.281766003463417,5.281766003463417,5.281766003463417,288.0,0.001001951234565603,0.0,5,5,5,5,5,5,5,5,5,5,5
GET,/jsonresponse?seed=2230&arraysize=10000&requestnumber=1349,1,0,6.988487031776458,6.988487031776458,6.988487031776458,6.988487031776458,287.0,0.001001951234565603,0.0,7,7,7,7,7,7,7,7,7,7,7
GET,/jsonresponse?seed=2240&arraysize=10000&requestnumber=6136,1,0,5.311155051458627,5.311155051458627,5.311155051458627,5.311155051458627,286.0,0.001001951234565603,0.0,5,5,5,5,5,5,5,5,5,5,5
GET,/jsonresponse?seed=2241&arraysize=10000&requestnumber=8351,1,0,6.9314209977164865,6.9314209977164865,6.9314209977164865,6.9314209977164865,288.0,0.001001951234565603,0.0,7,7,7,7,7,7,7,7,7,7,7
GET,/jsonresponse?seed=2252&arraysize=10000&requestnumber=140,1,0,5.391071958001703,5.391071958001703,5.391071958001703,5.391071958001703,286.0,0.001001951234565603,0.0,5,5,5,5,5,5,5,5,5,5,5
GET,/jsonresponse?seed=2264&arraysize=10000&requestnumber=1050,1,0,6.816786015406251,6.816786015406251,6.816786015406251,6.816786015406251,287.0,0.001001951234565603,0.0,7,7,7,7,7,7,7,7,7,7,7
GET,/jsonresponse?seed=2290&arraysize=10000&requestnumber=7451,1,0,5.349827988538891,5.349827988538891,5.349827988538891,5.349827988538891,288.0,0.001001951234565603,0.0,5,5,5,5,5,5,5,5,5,5,5
GET,/jsonresponse?seed=2349&arraysize=10000&requestnumber=924,1,0,5.310524953529239,5.310524953529239,5.310524953529239,5.310524953529239,287.0,0.001001951234565603,0.0,5,5,5,5,5,5,5,5,5,5,5
GET,/jsonresponse?seed=2368&arraysize=10000&requestnumber=3186,1,0,6.613246980123222,6.613246980123222,6.613246980123222,6.613246980123222,287.0,0.001001951234565603,0.0,7,7,7,7,7,7,7,7,7,7,7
GET,/jsonresponse?seed=2375&arraysize=10000&requestnumber=9607,1,0,5.394377978518605,5.394377978518605,5.394377978518605,5.394377978518605,289.0,0.001001951234565603,0.0,5,5,5,5,5,5,5,5,5,5,5
GET,/jsonresponse?seed=2390&arraysize=10000&requestnumber=2870,1,0,6.349562027025968,6.349562027025968,6.349562027025968,6.349562027025968,287.0,0.001001951234565603,0.0,6,6,6,6,6,6,6,6,6,6,6
GET,/jsonresponse?seed=242&arraysize=10000&requestnumber=8061,1,0,16.47793798474595,16.47793798474595,16.47793798474595,16.47793798474595,286.0,0.001001951234565603,0.0,16,16,16,16,16,16,16,16,16,16,16
GET,/jsonresponse?seed=2452&arraysize=10000&requestnumber=1096,1,0,5.30301796970889,5.30301796970889,5.30301796970889,5.30301796970889,285.0,0.001001951234565603,0.0,5,5,5,5,5,5,5,5,5,5,5
GET,/jsonresponse?seed=246&arraysize=10000&requestnumber=850,1,0,5.576247000135481,5.576247000135481,5.576247000135481,5.576247000135481,286.0,0.001001951234565603,0.0,6,6,6,6,6,6,6,6,6,6,6
GET,/jsonresponse?seed=2477&arraysize=10000&requestnumber=5224,1,0,5.4101390414871275,5.4101390414871275,5.4101390414871275,5.4101390414871275,287.0,0.001001951234565603,0.0,5,5,5,5,5,5,5,5,5,5,5
GET,/jsonresponse?seed=2536&arraysize=10000&requestnumber=145,1,0,12.11141498060897,12.11141498060897,12.11141498060897,12.11141498060897,286.0,0.001001951234565603,0.0,12,12,12,12,12,12,12,12,12,12,12
GET,/jsonresponse?seed=2572&arraysize=10000&requestnumber=373,1,0,8.522634976543486,8.522634976543486,8.522634976543486,8.522634976543486,287.0,0.001001951234565603,0.0,9,9,9,9,9,9,9,9,9,9,9
GET,/jsonresponse?seed=2590&arraysize=10000&requestnumber=5535,1,0,10.47768403077498,10.47768403077498,10.47768403077498,10.47768403077498,287.0,0.001001951234565603,0.0,10,10,10,10,10,10,10,10,10,10,10
GET,/jsonresponse?seed=2608&arraysize=10000&requestnumber=612,1,0,6.665179971605539,6.665179971605539,6.665179971605539,6.665179971605539,288.0,0.001001951234565603,0.0,7,7,7,7,7,7,7,7,7,7,7
GET,/jsonresponse?seed=2610&arraysize=10000&requestnumber=102,1,0,10.867342993151397,10.867342993151397,10.867342993151397,10.867342993151397,287.0,0.001001951234565603,0.0,11,11,11,11,11,11,11,11,11,11,11
GET,/jsonresponse?seed=2626&arraysize=10000&requestnumber=9575,1,0,6.291126017458737,6.291126017458737,6.291126017458737,6.291126017458737,288.0,0.001001951234565603,0.0,6,6,6,6,6,6,6,6,6,6,6
GET,/jsonresponse?seed=264&arraysize=10000&requestnumber=6141,1,0,18.39456701418385,18.39456701418385,18.39456701418385,18.39456701418385,287.0,0.001001951234565603,0.0,18,18,18,18,18,18,18,18,18,18,18
GET,/jsonresponse?seed=2651&arraysize=10000&requestnumber=1032,1,0,5.420416011475027,5.420416011475027,5.420416011475027,5.420416011475027,288.0,0.001001951234565603,0.0,5,5,5,5,5,5,5,5,5,5,5
GET,/jsonresponse?seed=2664&arraysize=10000&requestnumber=2091,1,0,5.339283961802721,5.339283961802721,5.339283961802721,5.339283961802721,287.0,0.001001951234565603,0.0,5,5,5,5,5,5,5,5,5,5,5
GET,/jsonresponse?seed=2693&arraysize=10000&requestnumber=3456,1,0,16.134944977238774,16.134944977238774,16.134944977238774,16.134944977238774,286.0,0.001001951234565603,0.0,16,16,16,16,16,16,16,16,16,16,16
GET,/jsonresponse?seed=27&arraysize=10000&requestnumber=3110,1,0,10.276568995323032,10.276568995323032,10.276568995323032,10.276568995323032,287.0,0.001001951234565603,0.0,10,10,10,10,10,10,10,10,10,10,10
GET,/jsonresponse?seed=2725&arraysize=10000&requestnumber=5404,1,0,5.618277005851269,5.618277005851269,5.618277005851269,5.618277005851269,289.0,0.001001951234565603,0.0,6,6,6,6,6,6,6,6,6,6,6
GET,/jsonresponse?seed=2733&arraysize=10000&requestnumber=4259,1,0,6.446865038014948,6.446865038014948,6.446865038014948,6.446865038014948,289.0,0.001001951234565603,0.0,6,6,6,6,6,6,6,6,6,6,6
GET,/jsonresponse?seed=276&arraysize=10000&requestnumber=5403,1,0,5.618194001726806,5.618194001726806,5.618194001726806,5.618194001726806,287.0,0.001001951234565603,0.0,6,6,6,6,6,6,6,6,6,6,6
GET,/jsonresponse?seed=2764&arraysize=10000&requestnumber=594,1,0,5.401224945671856,5.401224945671856,5.401224945671856,5.401224945671856,286.0,0.001001951234565603,0.0,5,5,5,5,5,5,5,5,5,5,5
GET,/jsonresponse?seed=2820&arraysize=10000&requestnumber=7305,1,0,5.874998983927071,5.874998983927071,5.874998983927071,5.874998983927071,287.0,0.001001951234565603,0.0,6,6,6,6,6,6,6,6,6,6,6
GET,/jsonresponse?seed=2821&arraysize=10000&requestnumber=9390,1,0,5.41710399556905,5.41710399556905,5.41710399556905,5.41710399556905,288.0,0.001001951234565603,0.0,5,5,5,5,5,5,5,5,5,5,5
GET,/jsonresponse?seed=2840&arraysize=10000&requestnumber=2430,1,0,5.547340027987957,5.547340027987957,5.547340027987957,5.547340027987957,288.0,0.001001951234565603,0.0,6,6,6,6,6,6,6,6,6,6,6
GET,/jsonresponse?seed=2863&arraysize=10000&requestnumber=7742,1,0,5.4615840199403465,5.4615840199403465,5.4615840199403465,5.4615840199403465,286.0,0.001001951234565603,0.0,5,5,5,5,5,5,5,5,5,5,5
GET,/jsonresponse?seed=2912&arraysize=10000&requestnumber=5475,1,0,5.6336899870075285,5.6336899870075285,5.6336899870075285,5.6336899870075285,289.0,0.001001951234565603,0.0,6,6,6,6,6,6,6,6,6,6,6
GET,/jsonresponse?seed=2914&arraysize=10000&requestnumber=7022,1,0,5.373200983740389,5.373200983740389,5.373200983740389,5.373200983740389,288.0,0.001001951234565603,0.0,5,5,5,5,5,5,5,5,5,5,5
GET,/jsonresponse?seed=2929&arraysize=10000&requestnumber=3041,1,0,6.609044037759304,6.609044037759304,6.609044037759304,6.609044037759304,289.0,0.001001951234565603,0.0,7,7,7,7,7,7,7,7,7,7,7
GET,/jsonresponse?seed=2974&arraysize=10000&requestnumber=157,1,0,7.684684998821467,7.684684998821467,7.684684998821467,7.684684998821467,287.0,0.001001951234565603,0.0,8,8,8,8,8,8,8,8,8,8,8
GET,/jsonresponse?seed=2978&arraysize=10000&requestnumber=4768,1,0,6.876875995658338,6.876875995658338,6.876875995658338,6.876875995658338,289.0,0.001001951234565603,0.0,7,7,7,7,7,7,7,7,7,7,7
GET,/jsonresponse?seed=298&arraysize=10000&requestnumber=6142,1,0,6.387311965227127,6.387311965227127,6.387311965227127,6.387311965227127,288.0,0.001001951234565603,0.0,6,6,6,6,6,6,6,6,6,6,6
GET,/jsonresponse?seed=2980&arraysize=10000&requestnumber=7061,1,0,5.5203879601322114,5.5203879601322114,5.5203879601322114,5.5203879601322114,288.0,0.001001951234565603,0.0,6,6,6,6,6,6,6,6,6,6,6
GET,/jsonresponse?seed=3007&arraysize=10000&requestnumber=7204,1,0,5.444738024380058,5.444738024380058,5.444738024380058,5.444738024380058,289.0,0.001001951234565603,0.0,5,5,5,5,5,5,5,5,5,5,5
GET,/jsonresponse?seed=3032&arraysize=10000&requestnumber=2767,1,0,6.698967015836388,6.698967015836388,6.698967015836388,6.698967015836388,288.0,0.001001951234565603,0.0,7,7,7,7,7,7,7,7,7,7,7
GET,/jsonresponse?seed=3055&arraysize=10000&requestnumber=6563,1,0,5.513349955435842,5.513349955435842,5.513349955435842,5.513349955435842,287.0,0.001001951234565603,0.0,6,6,6,6,6,6,6,6,6,6,6
GET,/jsonresponse?seed=3070&arraysize=10000&requestnumber=2306,1,0,5.516054981853813,5.516054981853813,5.516054981853813,5.516054981853813,288.0,0.001001951234565603,0.0,6,6,6,6,6,6,6,6,6,6,6
GET,/jsonresponse?seed=3091&arraysize=10000&requestnumber=7743,1,0,5.478534032590687,5.478534032590687,5.478534032590687,5.478534032590687,289.0,0.001001951234565603,0.0,5,5,5,5,5,5,5,5,5,5,5
GET,/jsonresponse?seed=3103&arraysize=10000&requestnumber=2909,1,0,5.474578007124364,5.474578007124364,5.474578007124364,5.474578007124364,287.0,0.001001951234565603,0.0,5,5,5,5,5,5,5,5,5,5,5
GET,/jsonresponse?seed=3126&arraysize=10000&requestnumber=9062,1,0,8.170677989255637,8.170677989255637,8.170677989255637,8.170677989255637,286.0,0.001001951234565603,0.0,8,8,8,8,8,8,8,8,8,8,8
GET,/jsonresponse?seed=3140&arraysize=10000&requestnumber=2284,1,0,5.570917972363532,5.570917972363532,5.570917972363532,5.570917972363532,288.0,0.001001951234565603,0.0,6,6,6,6,6,6,6,6,6,6,6
GET,/jsonresponse?seed=3175&arraysize=10000&requestnumber=1494,1,0,5.630342988297343,5.630342988297343,5.630342988297343,5.630342988297343,287.0,0.001001951234565603,0.0,6,6,6,6,6,6,6,6,6,6,6
GET,/jsonresponse?seed=3191&arraysize=10000&requestnumber=1889,1,0,19.10028897691518,19.10028897691518,19.10028897691518,19.10028897691518,287.0,0.001001951234565603,0.0,19,19,19,19,19,19,19,19,19,19,19
GET,/jsonresponse?seed=3208&arraysize=10000&requestnumber=722,1,0,5.411533988080919,5.411533988080919,5.411533988080919,5.411533988080919,287.0,0.001001951234565603,0.0,5,5,5,5,5,5,5,5,5,5,5
GET,/jsonresponse?seed=3232&arraysize=10000&requestnumber=3504,1,0,5.365197954233736,5.365197954233736,5.365197954233736,5.365197954233736,286.0,0.001001951234565603,0.0,5,5,5,5,5,5,5,5,5,5,5
GET,/jsonresponse?seed=3250&arraysize=10000&requestnumber=6711,1,0,6.647936999797821,6.647936999797821,6.647936999797821,6.647936999797821,287.0,0.001001951234565603,0.0,7,7,7,7,7,7,7,7,7,7,7
GET,/jsonresponse?seed=3257&arraysize=10000&requestnumber=8125,1,0,5.323254968971014,5.323254968971014,5.323254968971014,5.323254968971014,288.0,0.001001951234565603,0.0,5,5,5,5,5,5,5,5,5,5,5
GET,/jsonresponse?seed=3259&arraysize=10000&requestnumber=629,1,0,5.401894042734057,5.401894042734057,5.401894042734057,5.401894042734057,287.0,0.001001951234565603,0.0,5,5,5,5,5,5,5,5,5,5,5
GET,/jsonresponse?seed=3306&arraysize=10000&requestnumber=1467,1,0,5.416241998318583,5.416241998318583,5.416241998318583,5.416241998318583,287.0,0.001001951234565603,0.0,5,5,5,5,5,5,5,5,5,5,5
GET,/jsonresponse?seed=3310&arraysize=10000&requestnumber=9973,1,0,18.566593003924936,18.566593003924936,18.566593003924936,18.566593003924936,289.0,0.001001951234565603,0.0,19,19,19,19,19,19,19,19,19,19,19
GET,/jsonresponse?seed=333&arraysize=10000&requestnumber=3384,1,0,5.3281880100257695,5.3281880100257695,5.3281880100257695,5.3281880100257695,286.0,0.001001951234565603,0.0,5,5,5,5,5,5,5,5,5,5,5
GET,/jsonresponse?seed=3330&arraysize=10000&requestnumber=9953,1,0,5.487160990014672,5.487160990014672,5.487160990014672,5.487160990014672,287.0,0.001001951234565603,0.0,5,5,5,5,5,5,5,5,5,5,5
GET,/jsonresponse?seed=3333&arraysize=10000&requestnumber=2604,1,0,5.916488997172564,5.916488997172564,5.916488997172564,5.916488997172564,287.0,0.001001951234565603,0.0,6,6,6,6,6,6,6,6,6,6,6
GET,/jsonresponse?seed=3334&arraysize=10000&requestnumber=3313,1,0,5.683936004061252,5.683936004061252,5.683936004061252,5.683936004061252,287.0,0.001001951234565603,0.0,6,6,6,6,6,6,6,6,6,6,6
GET,/jsonresponse?seed=3350&arraysize=10000&requestnumber=2341,1,0,5.389177997130901,5.389177997130901,5.389177997130901,5.389177997130901,288.0,0.001001951234565603,0.0,5,5,5,5,5,5,5,5,5,5,5
GET,/jsonresponse?seed=3380&arraysize=10000&requestnumber=6074,1,0,5.328101979102939,5.328101979102939,5.328101979102939,5.328101979102939,289.0,0.001001951234565603,0.0,5,5,5,5,5,5,5,5,5,5,5
GET,/jsonresponse?seed=3383&arraysize=10000&requestnumber=5618,1,0,5.669853009749204,5.669853009749204,5.669853009749204,5.669853009749204,287.0,0.001001951234565603,0.0,6,6,6,6,6,6,6,6,6,6,6
GET,/jsonresponse?seed=3392&arraysize=10000&requestnumber=1803,1,0,9.143666015006602,9.143666015006602,9.143666015006602,9.143666015006602,288.0,0.001001951234565603,0.0,9,9,9,9,9,9,9,9,9,9,9
GET,/jsonresponse?seed=34&arraysize=10000&requestnumber=1136,1,0,5.420887959189713,5.420887959189713,5.420887959189713,5.420887959189713,285.0,0.001001951234565603,0.0,5,5,5,5,5,5,5,5,5,5,5
GET,/jsonresponse?seed=3412&arraysize=10000&requestnumber=2238,1,0,6.346324982587248,6.346324982587248,6.346324982587248,6.346324982587248,287.0,0.001001951234565603,0.0,6,6,6,6,6,6,6,6,6,6,6
GET,/jsonresponse?seed=3451&arraysize=10000&requestnumber=4593,1,0,14.946301002055407,14.946301002055407,14.946301002055407,14.946301002055407,287.0,0.001001951234565603,0.0,15,15,15,15,15,15,15,15,15,15,15
GET,/jsonresponse?seed=3462&arraysize=10000&requestnumber=2671,1,0,5.221749015618116,5.221749015618116,5.221749015618116,5.221749015618116,286.0,0.001001951234565603,0.0,5,5,5,5,5,5,5,5,5,5,5
GET,/jsonresponse?seed=3474&arraysize=10000&requestnumber=2148,1,0,5.355631990823895,5.355631990823895,5.355631990823895,5.355631990823895,288.0,0.001001951234565603,0.0,5,5,5,5,5,5,5,5,5,5,5
GET,/jsonresponse?seed=3487&arraysize=10000&requestnumber=8581,1,0,5.460924003273249,5.460924003273249,5.460924003273249,5.460924003273249,289.0,0.001001951234565603,0.0,5,5,5,5,5,5,5,5,5,5,5
GET,/jsonresponse?seed=350&arraysize=10000&requestnumber=64,1,0,5.493624019436538,5.493624019436538,5.493624019436538,5.493624019436538,284.0,0.001001951234565603,0.0,5,5,5,5,5,5,5,5,5,5,5
GET,/jsonresponse?seed=3515&arraysize=10000&requestnumber=7914,1,0,8.308116986881942,8.308116986881942,8.308116986881942,8.308116986881942,288.0,0.001001951234565603,0.0,8,8,8,8,8,8,8,8,8,8,8
GET,/jsonresponse?seed=3517&arraysize=10000&requestnumber=4827,1,0,5.372484971303493,5.372484971303493,5.372484971303493,5.372484971303493,287.0,0.001001951234565603,0.0,5,5,5,5,5,5,5,5,5,5,5
GET,/jsonresponse?seed=3528&arraysize=10000&requestnumber=1833,1,0,30.656780989374965,30.656780989374965,30.656780989374965,30.656780989374965,289.0,0.001001951234565603,0.0,31,31,31,31,31,31,31,31,31,31,31
GET,/jsonresponse?seed=3572&arraysize=10000&requestnumber=3061,1,0,5.666169978212565,5.666169978212565,5.666169978212565,5.666169978212565,288.0,0.001001951234565603,0.0,6,6,6,6,6,6,6,6,6,6,6
GET,/jsonresponse?seed=359&arraysize=10000&requestnumber=7731,1,0,5.30332897324115,5.30332897324115,5.30332897324115,5.30332897324115,286.0,0.001001951234565603,0.0,5,5,5,5,5,5,5,5,5,5,5
GET,/jsonresponse?seed=361&arraysize=10000&requestnumber=1544,1,0,5.587420018855482,5.587420018855482,5.587420018855482,5.587420018855482,287.0,0.001001951234565603,0.0,6,6,6,6,6,6,6,6,6,6,6
GET,/jsonresponse?seed=3613&arraysize=10000&requestnumber=5294,1,0,5.567653977777809,5.567653977777809,5.567653977777809,5.567653977777809,289.0,0.001001951234565603,0.0,6,6,6,6,6,6,6,6,6,6,6
GET,/jsonresponse?seed=363&arraysize=10000&requestnumber=1838,1,0,5.479430954437703,5.479430954437703,5.479430954437703,5.479430954437703,286.0,0.001001951234565603,0.0,5,5,5,5,5,5,5,5,5,5,5
GET,/jsonresponse?seed=3639&arraysize=10000&requestnumber=8649,1,0,6.448297004681081,6.448297004681081,6.448297004681081,6.448297004681081,288.0,0.001001951234565603,0.0,6,6,6,6,6,6,6,6,6,6,6
GET,/jsonresponse?seed=3662&arraysize=10000&requestnumber=7587,1,0,5.583747988566756,5.583747988566756,5.583747988566756,5.583747988566756,289.0,0.001001951234565603,0.0,6,6,6,6,6,6,6,6,6,6,6
GET,/jsonresponse?seed=3668&arraysize=10000&requestnumber=8968,1,0,7.521648018155247,7.521648018155247,7.521648018155247,7.521648018155247,288.0,0.001001951234565603,0.0,8,8,8,8,8,8,8,8,8,8,8
GET,/jsonresponse?seed=370&arraysize=10000&requestnumber=9031,1,0,5.625177000183612,5.625177000183612,5.625177000183612,5.625177000183612,286.0,0.001001951234565603,0.0,6,6,6,6,6,6,6,6,6,6,6
GET,/jsonresponse?seed=372&arraysize=10000&requestnumber=9727,1,0,5.601422977633774,5.601422977633774,5.601422977633774,5.601422977633774,286.0,0.001001951234565603,0.0,6,6,6,6,6,6,6,6,6,6,6
GET,/jsonresponse?seed=3741&arraysize=10000&requestnumber=8550,1,0,5.61354000819847,5.61354000819847,5.61354000819847,5.61354000819847,287.0,0.001001951234565603,0.0,6,6,6,6,6,6,6,6,6,6,6
GET,/jsonresponse?seed=376&arraysize=10000&requestnumber=7520,1,0,7.216644997242838,7.216644997242838,7.216644997242838,7.216644997242838,288.0,0.001001951234565603,0.0,7,7,7,7,7,7,7,7,7,7,7
GET,/jsonresponse?seed=3796&arraysize=10000&requestnumber=1598,1,0,6.283466005697846,6.283466005697846,6.283466005697846,6.283466005697846,288.0,0.001001951234565603,0.0,6,6,6,6,6,6,6,6,6,6,6
GET,/jsonresponse?seed=3835&arraysize=10000&requestnumber=8705,1,0,5.279602017253637,5.279602017253637,5.279602017253637,5.279602017253637,288.0,0.001001951234565603,0.0,5,5,5,5,5,5,5,5,5,5,5
GET,/jsonresponse?seed=3846&arraysize=10000&requestnumber=9449,1,0,6.719361001159996,6.719361001159996,6.719361001159996,6.719361001159996,288.0,0.001001951234565603,0.0,7,7,7,7,7,7,7,7,7,7,7
GET,/jsonresponse?seed=3855&arraysize=10000&requestnumber=3526,1,0,5.333734967280179,5.333734967280179,5.333734967280179,5.333734967280179,288.0,0.001001951234565603,0.0,5,5,5,5,5,5,5,5,5,5,5
GET,/jsonresponse?seed=3859&arraysize=10000&requestnumber=9015,1,0,5.280628975015134,5.280628975015134,5.280628975015134,5.280628975015134,289.0,0.001001951234565603,0.0,5,5,5,5,5,5,5,5,5,5,5
GET,/jsonresponse?seed=3887&arraysize=10000&requestnumber=8506,1,0,5.336755013559014,5.336755013559014,5.336755013559014,5.336755013559014,288.0,0.001001951234565603,0.0,5,5,5,5,5,5,5,5,5,5,5
GET,/jsonresponse?seed=3904&arraysize=10000&requestnumber=3654,1,0,5.500676983501762,5.500676983501762,5.500676983501762,5.500676983501762,289.0,0.001001951234565603,0.0,6,6,6,6,6,6,6,6,6,6,6
GET,/jsonresponse?seed=3905&arraysize=10000&requestnumber=6068,1,0,8.62693804083392,8.62693804083392,8.62693804083392,8.62693804083392,288.0,0.001001951234565603,0.0,9,9,9,9,9,9,9,9,9,9,9
GET,/jsonresponse?seed=3919&arraysize=10000&requestnumber=3928,1,0,5.5904610198922455,5.5904610198922455,5.5904610198922455,5.5904610198922455,287.0,0.001001951234565603,0.0,6,6,6,6,6,6,6,6,6,6,6
GET,/jsonresponse?seed=3924&arraysize=10000&requestnumber=5436,1,0,5.246986052952707,5.246986052952707,5.246986052952707,5.246986052952707,287.0,0.001001951234565603,0.0,5,5,5,5,5,5,5,5,5,5,5
GET,/jsonresponse?seed=3951&arraysize=10000&requestnumber=2182,1,0,6.65517000015825,6.65517000015825,6.65517000015825,6.65517000015825,288.0,0.001001951234565603,0.0,7,7,7,7,7,7,7,7,7,7,7
GET,/jsonresponse?seed=3951&arraysize=10000&requestnumber=5592,1,0,6.919258972629905,6.919258972629905,6.919258972629905,6.919258972629905,288.0,0.001001951234565603,0.0,7,7,7,7,7,7,7,7,7,7,7
GET,/jsonresponse?seed=3988&arraysize=10000&requestnumber=4416,1,0,5.301853001583368,5.301853001583368,5.301853001583368,5.301853001583368,288.0,0.001001951234565603,0.0,5,5,5,5,5,5,5,5,5,5,5
GET,/jsonresponse?seed=401&arraysize=10000&requestnumber=8326,1,0,5.600426986347884,5.600426986347884,5.600426986347884,5.600426986347884,286.0,0.001001951234565603,0.0,6,6,6,6,6,6,6,6,6,6,6
GET,/jsonresponse?seed=4014&arraysize=10000&requestnumber=256,1,0,7.3747659916989505,7.3747659916989505,7.3747659916989505,7.3747659916989505,286.0,0.001001951234565603,0.0,7,7,7,7,7,7,7,7,7,7,7
GET,/jsonresponse?seed=4016&arraysize=10000&requestnumber=9524,1,0,5.3177690133452415,5.3177690133452415,5.3177690133452415,5.3177690133452415,286.0,0.001001951234565603,0.0,5,5,5,5,5,5,5,5,5,5,5
GET,/jsonresponse?seed=403&arraysize=10000&requestnumber=4720,1,0,5.463768029585481,5.463768029585481,5.463768029585481,5.463768029585481,285.0,0.001001951234565603,0.0,5,5,5,5,5,5,5,5,5,5,5
GET,/jsonresponse?seed=4052&arraysize=10000&requestnumber=7420,1,0,5.434591032098979,5.434591032098979,5.434591032098979,5.434591032098979,289.0,0.001001951234565603,0.0,5,5,5,5,5,5,5,5,5,5,5
GET,/jsonresponse?seed=4083&arraysize=10000&requestnumber=5813,1,0,6.375475029926747,6.375475029926747,6.375475029926747,6.375475029926747,288.0,0.001001951234565603,0.0,6,6,6,6,6,6,6,6,6,6,6
GET,/jsonresponse?seed=4121&arraysize=10000&requestnumber=4592,1,0,5.498961021658033,5.498961021658033,5.498961021658033,5.498961021658033,287.0,0.001001951234565603,0.0,5,5,5,5,5,5,5,5,5,5,5
GET,/jsonresponse?seed=4125&arraysize=10000&requestnumber=114,1,0,8.89484997605905,8.89484997605905,8.89484997605905,8.89484997605905,285.0,0.001001951234565603,0.0,9,9,9,9,9,9,9,9,9,9,9
GET,/jsonresponse?seed=4128&arraysize=10000&requestnumber=260,1,0,5.454141006339341,5.454141006339341,5.454141006339341,5.454141006339341,286.0,0.001001951234565603,0.0,5,5,5,5,5,5,5,5,5,5,5
GET,/jsonresponse?seed=4129&arraysize=10000&requestnumber=3859,1,0,5.4201820166781545,5.4201820166781545,5.4201820166781545,5.4201820166781545,288.0,0.001001951234565603,0.0,5,5,5,5,5,5,5,5,5,5,5
GET,/jsonresponse?seed=4138&arraysize=10000&requestnumber=1890,1,0,5.316041002515703,5.316041002515703,5.316041002515703,5.316041002515703,289.0,0.001001951234565603,0.0,5,5,5,5,5,5,5,5,5,5,5
GET,/jsonresponse?seed=4146&arraysize=10000&requestnumber=4737,1,0,5.501377978362143,5.501377978362143,5.501377978362143,5.501377978362143,289.0,0.001001951234565603,0.0,6,6,6,6,6,6,6,6,6,6,6
GET,/jsonresponse?seed=4197&arraysize=10000&requestnumber=7797,1,0,5.477148049976677,5.477148049976677,5.477148049976677,5.477148049976677,287.0,0.001001951234565603,0.0,5,5,5,5,5,5,5,5,5,5,5
GET,/jsonresponse?seed=421&arraysize=10000&requestnumber=4809,1,0,8.531909028533846,8.531909028533846,8.531909028533846,8.531909028533846,285.0,0.001001951234565603,0.0,9,9,9,9,9,9,9,9,9,9,9
GET,/jsonresponse?seed=4246&arraysize=10000&requestnumber=9302,1,0,5.453768011648208,5.453768011648208,5.453768011648208,5.453768011648208,288.0,0.001001951234565603,0.0,5,5,5,5,5,5,5,5,5,5,5
GET,/jsonresponse?seed=4269&arraysize=10000&requestnumber=7547,1,0,5.479487997945398,5.479487997945398,5.479487997945398,5.479487997945398,289.0,0.001001951234565603,0.0,5,5,5,5,5,5,5,5,5,5,5
GET,/jsonresponse?seed=4272&arraysize=10000&requestnumber=9215,1,0,10.964358982164413,10.964358982164413,10.964358982164413,10.964358982164413,288.0,0.001001951234565603,0.0,11,11,11,11,11,11,11,11,11,11,11
GET,/jsonresponse?seed=4276&arraysize=10000&requestnumber=1818,1,0,5.523881001863629,5.523881001863629,5.523881001863629,5.523881001863629,287.0,0.001001951234565603,0.0,6,6,6,6,6,6,6,6,6,6,6
GET,/jsonresponse?seed=4277&arraysize=10000&requestnumber=7719,1,0,5.533797957468778,5.533797957468778,5.533797957468778,5.533797957468778,289.0,0.001001951234565603,0.0,6,6,6,6,6,6,6,6,6,6,6
GET,/jsonresponse?seed=43&arraysize=10000&requestnumber=9290,1,0,5.337101989425719,5.337101989425719,5.337101989425719,5.337101989425719,285.0,0.001001951234565603,0.0,5,5,5,5,5,5,5,5,5,5,5
GET,/jsonresponse?seed=4307&arraysize=10000&requestnumber=2736,1,0,16.335321008227766,16.335321008227766,16.335321008227766,16.335321008227766,288.0,0.001001951234565603,0.0,16,16,16,16,16,16,16,16,16,16,16
GET,/jsonresponse?seed=4311&arraysize=10000&requestnumber=5230,1,0,5.526091030333191,5.526091030333191,5.526091030333191,5.526091030333191,288.0,0.001001951234565603,0.0,6,6,6,6,6,6,6,6,6,6,6
GET,/jsonresponse?seed=4324&arraysize=10000&requestnumber=1435,1,0,5.618164024781436,5.618164024781436,5.618164024781436,5.618164024781436,288.0,0.001001951234565603,0.0,6,6,6,6,6,6,6,6,6,6,6
GET,/jsonresponse?seed=439&arraysize=10000&requestnumber=9992,1,0,5.789822025690228,5.789822025690228,5.789822025690228,5.789822025690228,287.0,0.001001951234565603,0.0,6,6,6,6,6,6,6,6,6,6,6
GET,/jsonresponse?seed=4398&arraysize=10000&requestnumber=3208,1,0,5.54287398699671,5.54287398699671,5.54287398699671,5.54287398699671,287.0,0.001001951234565603,0.0,6,6,6,6,6,6,6,6,6,6,6
GET,/jsonresponse?seed=44&arraysize=10000&requestnumber=3958,1,0,28.346595005132258,28.346595005132258,28.346595005132258,28.346595005132258,285.0,0.001001951234565603,0.0,28,28,28,28,28,28,28,28,28,28,28
GET,/jsonresponse?seed=440&arraysize=10000&requestnumber=7734,1,0,5.498663987964392,5.498663987964392,5.498663987964392,5.498663987964392,287.0,0.001001951234565603,0.0,5,5,5,5,5,5,5,5,5,5,5
GET,/jsonresponse?seed=4409&arraysize=10000&requestnumber=3523,1,0,5.29703899519518,5.29703899519518,5.29703899519518,5.29703899519518,289.0,0.001001951234565603,0.0,5,5,5,5,5,5,5,5,5,5,5
GET,/jsonresponse?seed=4428&arraysize=10000&requestnumber=5959,1,0,5.615503003355116,5.615503003355116,5.615503003355116,5.615503003355116,287.0,0.001001951234565603,0.0,6,6,6,6,6,6,6,6,6,6,6
GET,/jsonresponse?seed=4470&arraysize=10000&requestnumber=108,1,0,5.2949689561501145,5.2949689561501145,5.2949689561501145,5.2949689561501145,287.0,0.001001951234565603,0.0,5,5,5,5,5,5,5,5,5,5,5
GET,/jsonresponse?seed=451&arraysize=10000&requestnumber=9591,1,0,9.742937982082367,9.742937982082367,9.742937982082367,9.742937982082367,288.0,0.001001951234565603,0.0,10,10,10,10,10,10,10,10,10,10,10
GET,/jsonresponse?seed=4520&arraysize=10000&requestnumber=2216,1,0,6.074393982999027,6.074393982999027,6.074393982999027,6.074393982999027,286.0,0.001001951234565603,0.0,6,6,6,6,6,6,6,6,6,6,6
GET,/jsonresponse?seed=4529&arraysize=10000&requestnumber=5794,1,0,17.165611032396555,17.165611032396555,17.165611032396555,17.165611032396555,287.0,0.001001951234565603,0.0,17,17,17,17,17,17,17,17,17,17,17
GET,/jsonresponse?seed=4541&arraysize=10000&requestnumber=41,1,0,5.599171039648354,5.599171039648354,5.599171039648354,5.599171039648354,285.0,0.001001951234565603,0.0,6,6,6,6,6,6,6,6,6,6,6
GET,/jsonresponse?seed=4544&arraysize=10000&requestnumber=6204,1,0,5.472895049024373,5.472895049024373,5.472895049024373,5.472895049024373,288.0,0.001001951234565603,0.0,5,5,5,5,5,5,5,5,5,5,5
GET,/jsonresponse?seed=4582&arraysize=10000&requestnumber=1424,1,0,22.029802028555423,22.029802028555423,22.029802028555423,22.029802028555423,287.0,0.001001951234565603,0.0,22,22,22,22,22,22,22,22,22,22,22
GET,/jsonresponse?seed=4586&arraysize=10000&requestnumber=5683,1,0,5.434414022602141,5.434414022602141,5.434414022602141,5.434414022602141,287.0,0.001001951234565603,0.0,5,5,5,5,5,5,5,5,5,5,5
GET,/jsonresponse?seed=4588&arraysize=10000&requestnumber=4868,1,0,5.613882967736572,5.613882967736572,5.613882967736572,5.613882967736572,287.0,0.001001951234565603,0.0,6,6,6,6,6,6,6,6,6,6,6
GET,/jsonresponse?seed=4589&arraysize=10000&requestnumber=8946,1,0,5.51376398652792,5.51376398652792,5.51376398652792,5.51376398652792,288.0,0.001001951234565603,0.0,6,6,6,6,6,6,6,6,6,6,6
GET,/jsonresponse?seed=4596&arraysize=10000&requestnumber=4339,1,0,10.997237986885011,10.997237986885011,10.997237986885011,10.997237986885011,288.0,0.001001951234565603,0.0,11,11,11,11,11,11,11,11,11,11,11
GET,/jsonresponse?seed=4596&arraysize=10000&requestnumber=9653,1,0,5.452561017591506,5.452561017591506,5.452561017591506,5.452561017591506,287.0,0.001001951234565603,0.0,5,5,5,5,5,5,5,5,5,5,5
GET,/jsonresponse?seed=4602&arraysize=10000&requestnumber=4748,1,0,5.445011018309742,5.445011018309742,5.445011018309742,5.445011018309742,289.0,0.001001951234565603,0.0,5,5,5,5,5,5,5,5,5,5,5
GET,/jsonresponse?seed=4607&arraysize=10000&requestnumber=4500,1,0,5.611030966974795,5.611030966974795,5.611030966974795,5.611030966974795,287.0,0.001001951234565603,0.0,6,6,6,6,6,6,6,6,6,6,6
GET,/jsonresponse?seed=465&arraysize=10000&requestnumber=9877,1,0,5.350452032871544,5.350452032871544,5.350452032871544,5.350452032871544,288.0,0.001001951234565603,0.0,5,5,5,5,5,5,5,5,5,5,5
GET,/jsonresponse?seed=4696&arraysize=10000&requestnumber=9222,1,0,5.289532011374831,5.289532011374831,5.289532011374831,5.289532011374831,288.0,0.001001951234565603,0.0,5,5,5,5,5,5,5,5,5,5,5
GET,/jsonresponse?seed=4713&arraysize=10000&requestnumber=7832,1,0,5.370715982280672,5.370715982280672,5.370715982280672,5.370715982280672,287.0,0.001001951234565603,0.0,5,5,5,5,5,5,5,5,5,5,5
GET,/jsonresponse?seed=4729&arraysize=10000&requestnumber=1234,1,0,5.56865002727136,5.56865002727136,5.56865002727136,5.56865002727136,289.0,0.001001951234565603,0.0,6,6,6,6,6,6,6,6,6,6,6
GET,/jsonresponse?seed=4746&arraysize=10000&requestnumber=5283,1,0,5.47747197560966,5.47747197560966,5.47747197560966,5.47747197560966,288.0,0.001001951234565603,0.0,5,5,5,5,5,5,5,5,5,5,5
GET,/jsonresponse?seed=4752&arraysize=10000&requestnumber=8074,1,0,5.4459310485981405,5.4459310485981405,5.4459310485981405,5.4459310485981405,289.0,0.001001951234565603,0.0,5,5,5,5,5,5,5,5,5,5,5
GET,/jsonresponse?seed=4764&arraysize=10000&requestnumber=1006,1,0,5.415799038019031,5.415799038019031,5.415799038019031,5.415799038019031,287.0,0.001001951234565603,0.0,5,5,5,5,5,5,5,5,5,5,5
GET,/jsonresponse?seed=4817&arraysize=10000&requestnumber=4583,1,0,5.639450973831117,5.639450973831117,5.639450973831117,5.639450973831117,287.0,0.001001951234565603,0.0,6,6,6,6,6,6,6,6,6,6,6
GET,/jsonresponse?seed=4856&arraysize=10000&requestnumber=4173,1,0,23.304214992094785,23.304214992094785,23.304214992094785,23.304214992094785,289.0,0.001001951234565603,0.0,23,23,23,23,23,23,23,23,23,23,23
GET,/jsonresponse?seed=4875&arraysize=10000&requestnumber=2345,1,0,5.529740999918431,5.529740999918431,5.529740999918431,5.529740999918431,287.0,0.001001951234565603,0.0,6,6,6,6,6,6,6,6,6,6,6
GET,/jsonresponse?seed=4885&arraysize=10000&requestnumber=3771,1,0,5.462641012854874,5.462641012854874,5.462641012854874,5.462641012854874,288.0,0.001001951234565603,0.0,5,5,5,5,5,5,5,5,5,5,5
GET,/jsonresponse?seed=4885&arraysize=10000&requestnumber=6759,1,0,5.559340992476791,5.559340992476791,5.559340992476791,5.559340992476791,288.0,0.001001951234565603,0.0,6,6,6,6,6,6,6,6,6,6,6
GET,/jsonresponse?seed=4934&arraysize=10000&requestnumber=7973,1,0,6.647745030932128,6.647745030932128,6.647745030932128,6.647745030932128,289.0,0.001001951234565603,0.0,7,7,7,7,7,7,7,7,7,7,7
GET,/jsonresponse?seed=4966&arraysize=10000&requestnumber=6683,1,0,12.465423031244427,12.465423031244427,12.465423031244427,12.465423031244427,286.0,0.001001951234565603,0.0,12,12,12,12,12,12,12,12,12,12,12
GET,/jsonresponse?seed=4998&arraysize=10000&requestnumber=3225,1,0,7.121503003872931,7.121503003872931,7.121503003872931,7.121503003872931,288.0,0.001001951234565603,0.0,7,7,7,7,7,7,7,7,7,7,7
GET,/jsonresponse?seed=5027&arraysize=10000&requestnumber=7289,1,0,5.411490972619504,5.411490972619504,5.411490972619504,5.411490972619504,288.0,0.001001951234565603,0.0,5,5,5,5,5,5,5,5,5,5,5
GET,/jsonresponse?seed=5030&arraysize=10000&requestnumber=7894,1,0,10.8262860449031,10.8262860449031,10.8262860449031,10.8262860449031,288.0,0.001001951234565603,0.0,11,11,11,11,11,11,11,11,11,11,11
GET,/jsonresponse?seed=5036&arraysize=10000&requestnumber=7996,1,0,17.69248297205195,17.69248297205195,17.69248297205195,17.69248297205195,289.0,0.001001951234565603,0.0,18,18,18,18,18,18,18,18,18,18,18
GET,/jsonresponse?seed=504&arraysize=10000&requestnumber=2543,1,0,6.848943012300879,6.848943012300879,6.848943012300879,6.848943012300879,287.0,0.001001951234565603,0.0,7,7,7,7,7,7,7,7,7,7,7
GET,/jsonresponse?seed=5054&arraysize=10000&requestnumber=8688,1,0,10.695846984162927,10.695846984162927,10.695846984162927,10.695846984162927,288.0,0.001001951234565603,0.0,11,11,11,11,11,11,11,11,11,11,11
GET,/jsonresponse?seed=5057&arraysize=10000&requestnumber=5626,1,0,5.408444965723902,5.408444965723902,5.408444965723902,5.408444965723902,288.0,0.001001951234565603,0.0,5,5,5,5,5,5,5,5,5,5,5
GET,/jsonresponse?seed=5078&arraysize=10000&requestnumber=2902,1,0,6.677200028207153,6.677200028207153,6.677200028207153,6.677200028207153,289.0,0.001001951234565603,0.0,7,7,7,7,7,7,7,7,7,7,7
GET,/jsonresponse?seed=5094&arraysize=10000&requestnumber=7904,1,0,5.642816016916186,5.642816016916186,5.642816016916186,5.642816016916186,287.0,0.001001951234565603,0.0,6,6,6,6,6,6,6,6,6,6,6
GET,/jsonresponse?seed=5113&arraysize=10000&requestnumber=2841,1,0,13.060908997431397,13.060908997431397,13.060908997431397,13.060908997431397,287.0,0.001001951234565603,0.0,13,13,13,13,13,13,13,13,13,13,13
GET,/jsonresponse?seed=5113&arraysize=10000&requestnumber=7198,1,0,5.662530020345002,5.662530020345002,5.662530020345002,5.662530020345002,288.0,0.001001951234565603,0.0,6,6,6,6,6,6,6,6,6,6,6
GET,/jsonresponse?seed=5139&arraysize=10000&requestnumber=7117,1,0,5.975618958473206,5.975618958473206,5.975618958473206,5.975618958473206,288.0,0.001001951234565603,0.0,6,6,6,6,6,6,6,6,6,6,6
GET,/jsonresponse?seed=5161&arraysize=10000&requestnumber=3646,1,0,5.38892496842891,5.38892496842891,5.38892496842891,5.38892496842891,286.0,0.001001951234565603,0.0,5,5,5,5,5,5,5,5,5,5,5
GET,/jsonresponse?seed=5184&arraysize=10000&requestnumber=5506,1,0,6.278712011408061,6.278712011408061,6.278712011408061,6.278712011408061,289.0,0.001001951234565603,0.0,6,6,6,6,6,6,6,6,6,6,6
GET,/jsonresponse?seed=519&arraysize=10000&requestnumber=7188,1,0,5.5565969669260085,5.5565969669260085,5.5565969669260085,5.5565969669260085,287.0,0.001001951234565603,0.0,6,6,6,6,6,6,6,6,6,6,6
GET,/jsonresponse?seed=5215&arraysize=10000&requestnumber=2387,1,0,5.363045027479529,5.363045027479529,5.363045027479529,5.363045027479529,288.0,0.001001951234565603,0.0,5,5,5,5,5,5,5,5,5,5,5
GET,/jsonresponse?seed=5228&arraysize=10000&requestnumber=6253,1,0,5.552551010623574,5.552551010623574,5.552551010623574,5.552551010623574,288.0,0.001001951234565603,0.0,6,6,6,6,6,6,6,6,6,6,6
GET,/jsonresponse?seed=5234&arraysize=10000&requestnumber=8572,1,0,5.33364899456501,5.33364899456501,5.33364899456501,5.33364899456501,288.0,0.001001951234565603,0.0,5,5,5,5,5,5,5,5,5,5,5
GET,/jsonresponse?seed=5245&arraysize=10000&requestnumber=5796,1,0,5.538044031709433,5.538044031709433,5.538044031709433,5.538044031709433,289.0,0.001001951234565603,0.0,6,6,6,6,6,6,6,6,6,6,6
GET,/jsonresponse?seed=5296&arraysize=10000&requestnumber=3428,1,0,18.643855000846088,18.643855000846088,18.643855000846088,18.643855000846088,288.0,0.001001951234565603,0.0,19,19,19,19,19,19,19,19,19,19,19
GET,/jsonresponse?seed=5300&arraysize=10000&requestnumber=7293,1,0,5.4104350274428725,5.4104350274428725,5.4104350274428725,5.4104350274428725,288.0,0.001001951234565603,0.0,5,5,5,5,5,5,5,5,5,5,5
GET,/jsonresponse?seed=5312&arraysize=10000&requestnumber=8634,1,0,5.600909993518144,5.600909993518144,5.600909993518144,5.600909993518144,288.0,0.001001951234565603,0.0,6,6,6,6,6,6,6,6,6,6,6
GET,/jsonresponse?seed=533&arraysize=10000&requestnumber=9073,1,0,6.599878019187599,6.599878019187599,6.599878019187599,6.599878019187599,287.0,0.001001951234565603,0.0,7,7,7,7,7,7,7,7,7,7,7
GET,/jsonresponse?seed=5334&arraysize=10000&requestnumber=2058,1,0,5.482606997247785,5.482606997247785,5.482606997247785,5.482606997247785,288.0,0.001001951234565603,0.0,5,5,5,5,5,5,5,5,5,5,5
GET,/jsonresponse?seed=5386&arraysize=10000&requestnumber=8430,1,0,5.3730589570477605,5.3730589570477605,5.3730589570477605,5.3730589570477605,288.0,0.001001951234565603,0.0,5,5,5,5,5,5,5,5,5,5,5
GET,/jsonresponse?seed=5405&arraysize=10000&requestnumber=3802,1,0,6.4821449923329055,6.4821449923329055,6.4821449923329055,6.4821449923329055,286.0,0.001001951234565603,0.0,6,6,6,6,6,6,6,6,6,6,6
GET,/jsonresponse?seed=5406&arraysize=10000&requestnumber=840,1,0,5.534914031159133,5.534914031159133,5.534914031159133,5.534914031159133,286.0,0.001001951234565603,0.0,6,6,6,6,6,6,6,6,6,6,6
GET,/jsonresponse?seed=5409&arraysize=10000&requestnumber=5419,1,0,6.154902977868915,6.154902977868915,6.154902977868915,6.154902977868915,287.0,0.001001951234565603,0.0,6,6,6,6,6,6,6,6,6,6,6
GET,/jsonresponse?seed=5425&arraysize=10000&requestnumber=718,1,0,22.051625011954457,22.051625011954457,22.051625011954457,22.051625011954457,287.0,0.001001951234565603,0.0,22,22,22,22,22,22,22,22,22,22,22
GET,/jsonresponse?seed=5433&arraysize=10000&requestnumber=1583,1,0,5.7786229881457984,5.7786229881457984,5.7786229881457984,5.7786229881457984,289.0,0.001001951234565603,0.0,6,6,6,6,6,6,6,6,6,6,6
GET,/jsonresponse?seed=5449&arraysize=10000&requestnumber=2943,1,0,5.616614012978971,5.616614012978971,5.616614012978971,5.616614012978971,288.0,0.001001951234565603,0.0,6,6,6,6,6,6,6,6,6,6,6
GET,/jsonresponse?seed=5451&arraysize=10000&requestnumber=7558,1,0,5.37607102887705,5.37607102887705,5.37607102887705,5.37607102887705,286.0,0.001001951234565603,0.0,5,5,5,5,5,5,5,5,5,5,5
GET,/jsonresponse?seed=5456&arraysize=10000&requestnumber=2246,1,0,5.50771999405697,5.50771999405697,5.50771999405697,5.50771999405697,288.0,0.001001951234565603,0.0,6,6,6,6,6,6,6,6,6,6,6
GET,/jsonresponse?seed=548&arraysize=10000&requestnumber=1673,1,0,5.452628014609218,5.452628014609218,5.452628014609218,5.452628014609218,286.0,0.001001951234565603,0.0,5,5,5,5,5,5,5,5,5,5,5
GET,/jsonresponse?seed=5491&arraysize=10000&requestnumber=8010,1,0,5.412538012024015,5.412538012024015,5.412538012024015,5.412538012024015,287.0,0.001001951234565603,0.0,5,5,5,5,5,5,5,5,5,5,5
GET,/jsonresponse?seed=5498&arraysize=10000&requestnumber=143,1,0,5.3616309887729585,5.3616309887729585,5.3616309887729585,5.3616309887729585,287.0,0.001001951234565603,0.0,5,5,5,5,5,5,5,5,5,5,5
GET,/jsonresponse?seed=5565&arraysize=10000&requestnumber=9418,1,0,5.461074004415423,5.461074004415423,5.461074004415423,5.461074004415423,288.0,0.001001951234565603,0.0,5,5,5,5,5,5,5,5,5,5,5
GET,/jsonresponse?seed=5572&arraysize=10000&requestnumber=9056,1,0,8.04968801094219,8.04968801094219,8.04968801094219,8.04968801094219,287.0,0.001001951234565603,0.0,8,8,8,8,8,8,8,8,8,8,8
GET,/jsonresponse?seed=559&arraysize=10000&requestnumber=443,1,0,5.509797018021345,5.509797018021345,5.509797018021345,5.509797018021345,286.0,0.001001951234565603,0.0,6,6,6,6,6,6,6,6,6,6,6
GET,/jsonresponse?seed=5600&arraysize=10000&requestnumber=6615,1,0,5.572341033257544,5.572341033257544,5.572341033257544,5.572341033257544,288.0,0.001001951234565603,0.0,6,6,6,6,6,6,6,6,6,6,6
GET,/jsonresponse?seed=5667&arraysize=10000&requestnumber=7104,1,0,6.4879339770413935,6.4879339770413935,6.4879339770413935,6.4879339770413935,288.0,0.001001951234565603,0.0,6,6,6,6,6,6,6,6,6,6,6
GET,/jsonresponse?seed=5671&arraysize=10000&requestnumber=7101,1,0,5.609349987935275,5.609349987935275,5.609349987935275,5.609349987935275,285.0,0.001001951234565603,0.0,6,6,6,6,6,6,6,6,6,6,6
GET,/jsonresponse?seed=568&arraysize=10000&requestnumber=1804,1,0,5.446865048725158,5.446865048725158,5.446865048725158,5.446865048725158,286.0,0.001001951234565603,0.0,5,5,5,5,5,5,5,5,5,5,5
GET,/jsonresponse?seed=5711&arraysize=10000&requestnumber=6259,1,0,5.374374974053353,5.374374974053353,5.374374974053353,5.374374974053353,289.0,0.001001951234565603,0.0,5,5,5,5,5,5,5,5,5,5,5
GET,/jsonresponse?seed=5730&arraysize=10000&requestnumber=8164,1,0,5.408950964920223,5.408950964920223,5.408950964920223,5.408950964920223,288.0,0.001001951234565603,0.0,5,5,5,5,5,5,5,5,5,5,5
GET,/jsonresponse?seed=574&arraysize=10000&requestnumber=9004,1,0,5.350241030100733,5.350241030100733,5.350241030100733,5.350241030100733,288.0,0.001001951234565603,0.0,5,5,5,5,5,5,5,5,5,5,5
GET,/jsonresponse?seed=5772&arraysize=10000&requestnumber=4503,1,0,6.365663022734225,6.365663022734225,6.365663022734225,6.365663022734225,288.0,0.001001951234565603,0.0,6,6,6,6,6,6,6,6,6,6,6
GET,/jsonresponse?seed=5781&arraysize=10000&requestnumber=6042,1,0,6.620813976041973,6.620813976041973,6.620813976041973,6.620813976041973,289.0,0.001001951234565603,0.0,7,7,7,7,7,7,7,7,7,7,7
GET,/jsonresponse?seed=5789&arraysize=10000&requestnumber=5548,1,0,5.362314986996353,5.362314986996353,5.362314986996353,5.362314986996353,289.0,0.001001951234565603,0.0,5,5,5,5,5,5,5,5,5,5,5
GET,/jsonresponse?seed=5789&arraysize=10000&requestnumber=7309,1,0,30.56902001844719,30.56902001844719,30.56902001844719,30.56902001844719,289.0,0.001001951234565603,0.0,31,31,31,31,31,31,31,31,31,31,31
GET,/jsonresponse?seed=5807&arraysize=10000&requestnumber=5702,1,0,5.810272006783634,5.810272006783634,5.810272006783634,5.810272006783634,289.0,0.001001951234565603,0.0,6,6,6,6,6,6,6,6,6,6,6
GET,/jsonresponse?seed=5809&arraysize=10000&requestnumber=825,1,0,5.4003019467927516,5.4003019467927516,5.4003019467927516,5.4003019467927516,287.0,0.001001951234565603,0.0,5,5,5,5,5,5,5,5,5,5,5
GET,/jsonresponse?seed=5823&arraysize=10000&requestnumber=4868,1,0,6.371928029693663,6.371928029693663,6.371928029693663,6.371928029693663,287.0,0.001001951234565603,0.0,6,6,6,6,6,6,6,6,6,6,6
GET,/jsonresponse?seed=5825&arraysize=10000&requestnumber=3880,1,0,7.585797982756048,7.585797982756048,7.585797982756048,7.585797982756048,288.0,0.001001951234565603,0.0,8,8,8,8,8,8,8,8,8,8,8
GET,/jsonresponse?seed=5836&arraysize=10000&requestnumber=2718,1,0,5.343327997252345,5.343327997252345,5.343327997252345,5.343327997252345,288.0,0.001001951234565603,0.0,5,5,5,5,5,5,5,5,5,5,5
GET,/jsonresponse?seed=5840&arraysize=10000&requestnumber=743,1,0,5.371448001824319,5.371448001824319,5.371448001824319,5.371448001824319,287.0,0.001001951234565603,0.0,5,5,5,5,5,5,5,5,5,5,5
GET,/jsonresponse?seed=5846&arraysize=10000&requestnumber=8803,1,0,5.597345996648073,5.597345996648073,5.597345996648073,5.597345996648073,287.0,0.001001951234565603,0.0,6,6,6,6,6,6,6,6,6,6,6
GET,/jsonresponse?seed=5889&arraysize=10000&requestnumber=672,1,0,9.06559597933665,9.06559597933665,9.06559597933665,9.06559597933665,287.0,0.001001951234565603,0.0,9,9,9,9,9,9,9,9,9,9,9
GET,/jsonresponse?seed=5893&arraysize=10000&requestnumber=8378,1,0,12.855866050813347,12.855866050813347,12.855866050813347,12.855866050813347,286.0,0.001001951234565603,0.0,13,13,13,13,13,13,13,13,13,13,13
GET,/jsonresponse?seed=5897&arraysize=10000&requestnumber=4958,1,0,10.65343600930646,10.65343600930646,10.65343600930646,10.65343600930646,286.0,0.001001951234565603,0.0,11,11,11,11,11,11,11,11,11,11,11
GET,/jsonresponse?seed=592&arraysize=10000&requestnumber=4663,1,0,12.574219959788024,12.574219959788024,12.574219959788024,12.574219959788024,285.0,0.001001951234565603,0.0,13,13,13,13,13,13,13,13,13,13,13
GET,/jsonresponse?seed=5924&arraysize=10000&requestnumber=9568,1,0,6.299237022176385,6.299237022176385,6.299237022176385,6.299237022176385,287.0,0.001001951234565603,0.0,6,6,6,6,6,6,6,6,6,6,6
GET,/jsonresponse?seed=5932&arraysize=10000&requestnumber=1628,1,0,5.62753900885582,5.62753900885582,5.62753900885582,5.62753900885582,287.0,0.001001951234565603,0.0,6,6,6,6,6,6,6,6,6,6,6
GET,/jsonresponse?seed=5987&arraysize=10000&requestnumber=1778,1,0,8.04316799622029,8.04316799622029,8.04316799622029,8.04316799622029,286.0,0.001001951234565603,0.0,8,8,8,8,8,8,8,8,8,8,8
GET,/jsonresponse?seed=5997&arraysize=10000&requestnumber=1980,1,0,5.61041699256748,5.61041699256748,5.61041699256748,5.61041699256748,288.0,0.001001951234565603,0.0,6,6,6,6,6,6,6,6,6,6,6
GET,/jsonresponse?seed=6008&arraysize=10000&requestnumber=1651,1,0,6.944868015125394,6.944868015125394,6.944868015125394,6.944868015125394,287.0,0.001001951234565603,0.0,7,7,7,7,7,7,7,7,7,7,7
GET,/jsonresponse?seed=6009&arraysize=10000&requestnumber=745,1,0,5.444538022857159,5.444538022857159,5.444538022857159,5.444538022857159,287.0,0.001001951234565603,0.0,5,5,5,5,5,5,5,5,5,5,5
GET,/jsonresponse?seed=6048&arraysize=10000&requestnumber=390,1,0,6.618030020035803,6.618030020035803,6.618030020035803,6.618030020035803,286.0,0.001001951234565603,0.0,7,7,7,7,7,7,7,7,7,7,7
GET,/jsonresponse?seed=6048&arraysize=10000&requestnumber=7551,1,0,7.486257003620267,7.486257003620267,7.486257003620267,7.486257003620267,287.0,0.001001951234565603,0.0,7,7,7,7,7,7,7,7,7,7,7
GET,/jsonresponse?seed=6064&arraysize=10000&requestnumber=2952,1,0,5.4177920101210475,5.4177920101210475,5.4177920101210475,5.4177920101210475,289.0,0.001001951234565603,0.0,5,5,5,5,5,5,5,5,5,5,5
GET,/jsonresponse?seed=6070&arraysize=10000&requestnumber=3948,1,0,6.17527001304552,6.17527001304552,6.17527001304552,6.17527001304552,288.0,0.001001951234565603,0.0,6,6,6,6,6,6,6,6,6,6,6
GET,/jsonresponse?seed=6084&arraysize=10000&requestnumber=1563,1,0,5.355508998036385,5.355508998036385,5.355508998036385,5.355508998036385,287.0,0.001001951234565603,0.0,5,5,5,5,5,5,5,5,5,5,5
GET,/jsonresponse?seed=6102&arraysize=10000&requestnumber=6323,1,0,5.741102970205247,5.741102970205247,5.741102970205247,5.741102970205247,287.0,0.001001951234565603,0.0,6,6,6,6,6,6,6,6,6,6,6
GET,/jsonresponse?seed=6102&arraysize=10000&requestnumber=9084,1,0,5.431150959338993,5.431150959338993,5.431150959338993,5.431150959338993,287.0,0.001001951234565603,0.0,5,5,5,5,5,5,5,5,5,5,5
GET,/jsonresponse?seed=6128&arraysize=10000&requestnumber=7547,1,0,5.295671988278627,5.295671988278627,5.295671988278627,5.295671988278627,287.0,0.001001951234565603,0.0,5,5,5,5,5,5,5,5,5,5,5
GET,/jsonresponse?seed=6144&arraysize=10000&requestnumber=1433,1,0,5.382233997806907,5.382233997806907,5.382233997806907,5.382233997806907,287.0,0.001001951234565603,0.0,5,5,5,5,5,5,5,5,5,5,5
GET,/jsonresponse?seed=6149&arraysize=10000&requestnumber=835,1,0,5.520273989532143,5.520273989532143,5.520273989532143,5.520273989532143,287.0,0.001001951234565603,0.0,6,6,6,6,6,6,6,6,6,6,6
GET,/jsonresponse?seed=6175&arraysize=10000&requestnumber=5723,1,0,5.545957013964653,5.545957013964653,5.545957013964653,5.545957013964653,288.0,0.001001951234565603,0.0,6,6,6,6,6,6,6,6,6,6,6
GET,/jsonresponse?seed=6196&arraysize=10000&requestnumber=3641,1,0,6.945417961105704,6.945417961105704,6.945417961105704,6.945417961105704,288.0,0.001001951234565603,0.0,7,7,7,7,7,7,7,7,7,7,7
GET,/jsonresponse?seed=6207&arraysize=10000&requestnumber=7665,1,0,6.776313006412238,6.776313006412238,6.776313006412238,6.776313006412238,287.0,0.001001951234565603,0.0,7,7,7,7,7,7,7,7,7,7,7
GET,/jsonresponse?seed=6230&arraysize=10000&requestnumber=3652,1,0,13.570766022894531,13.570766022894531,13.570766022894531,13.570766022894531,287.0,0.001001951234565603,0.0,14,14,14,14,14,14,14,14,14,14,14
GET,/jsonresponse?seed=6235&arraysize=10000&requestnumber=265,1,0,5.348504986613989,5.348504986613989,5.348504986613989,5.348504986613989,288.0,0.001001951234565603,0.0,5,5,5,5,5,5,5,5,5,5,5
GET,/jsonresponse?seed=6265&arraysize=10000&requestnumber=1425,1,0,5.262012011371553,5.262012011371553,5.262012011371553,5.262012011371553,289.0,0.001001951234565603,0.0,5,5,5,5,5,5,5,5,5,5,5
GET,/jsonresponse?seed=6271&arraysize=10000&requestnumber=9810,1,0,6.181113014463335,6.181113014463335,6.181113014463335,6.181113014463335,289.0,0.001001951234565603,0.0,6,6,6,6,6,6,6,6,6,6,6
GET,/jsonresponse?seed=6303&arraysize=10000&requestnumber=3740,1,0,5.580177006777376,5.580177006777376,5.580177006777376,5.580177006777376,288.0,0.001001951234565603,0.0,6,6,6,6,6,6,6,6,6,6,6
GET,/jsonresponse?seed=6345&arraysize=10000&requestnumber=7113,1,0,5.410678044427186,5.410678044427186,5.410678044427186,5.410678044427186,289.0,0.001001951234565603,0.0,5,5,5,5,5,5,5,5,5,5,5
GET,/jsonresponse?seed=6361&arraysize=10000&requestnumber=511,1,0,21.04265900561586,21.04265900561586,21.04265900561586,21.04265900561586,287.0,0.001001951234565603,0.0,21,21,21,21,21,21,21,21,21,21,21
GET,/jsonresponse?seed=6455&arraysize=10000&requestnumber=5673,1,0,6.253815023228526,6.253815023228526,6.253815023228526,6.253815023228526,287.0,0.001001951234565603,0.0,6,6,6,6,6,6,6,6,6,6,6
GET,/jsonresponse?seed=649&arraysize=10000&requestnumber=5529,1,0,6.723330006934702,6.723330006934702,6.723330006934702,6.723330006934702,288.0,0.001001951234565603,0.0,7,7,7,7,7,7,7,7,7,7,7
GET,/jsonresponse?seed=6525&arraysize=10000&requestnumber=8911,1,0,9.416693996172398,9.416693996172398,9.416693996172398,9.416693996172398,287.0,0.001001951234565603,0.0,9,9,9,9,9,9,9,9,9,9,9
GET,/jsonresponse?seed=6527&arraysize=10000&requestnumber=461,1,0,5.438645021058619,5.438645021058619,5.438645021058619,5.438645021058619,286.0,0.001001951234565603,0.0,5,5,5,5,5,5,5,5,5,5,5
GET,/jsonresponse?seed=6540&arraysize=10000&requestnumber=5702,1,0,5.563863960560411,5.563863960560411,5.563863960560411,5.563863960560411,287.0,0.001001951234565603,0.0,6,6,6,6,6,6,6,6,6,6,6
GET,/jsonresponse?seed=6562&arraysize=10000&requestnumber=9900,1,0,5.490424984600395,5.490424984600395,5.490424984600395,5.490424984600395,289.0,0.001001951234565603,0.0,5,5,5,5,5,5,5,5,5,5,5
GET,/jsonresponse?seed=6581&arraysize=10000&requestnumber=7136,1,0,32.611794013064355,32.611794013064355,32.611794013064355,32.611794013064355,288.0,0.001001951234565603,0.0,33,33,33,33,33,33,33,33,33,33,33
GET,/jsonresponse?seed=6582&arraysize=10000&requestnumber=9567,1,0,5.404704017564654,5.404704017564654,5.404704017564654,5.404704017564654,287.0,0.001001951234565603,0.0,5,5,5,5,5,5,5,5,5,5,5
GET,/jsonresponse?seed=6587&arraysize=10000&requestnumber=1367,1,0,5.297445983160287,5.297445983160287,5.297445983160287,5.297445983160287,289.0,0.001001951234565603,0.0,5,5,5,5,5,5,5,5,5,5,5
GET,/jsonresponse?seed=6629&arraysize=10000&requestnumber=4753,1,0,22.90654700482264,22.90654700482264,22.90654700482264,22.90654700482264,289.0,0.001001951234565603,0.0,23,23,23,23,23,23,23,23,23,23,23
GET,/jsonresponse?seed=6658&arraysize=10000&requestnumber=506,1,0,5.613626970443875,5.613626970443875,5.613626970443875,5.613626970443875,286.0,0.001001951234565603,0.0,6,6,6,6,6,6,6,6,6,6,6
GET,/jsonresponse?seed=6712&arraysize=10000&requestnumber=9762,1,0,5.473490979056805,5.473490979056805,5.473490979056805,5.473490979056805,288.0,0.001001951234565603,0.0,5,5,5,5,5,5,5,5,5,5,5
GET,/jsonresponse?seed=6725&arraysize=10000&requestnumber=1147,1,0,6.2899349723011255,6.2899349723011255,6.2899349723011255,6.2899349723011255,288.0,0.001001951234565603,0.0,6,6,6,6,6,6,6,6,6,6,6
GET,/jsonresponse?seed=673&arraysize=10000&requestnumber=2365,1,0,5.2810790366493165,5.2810790366493165,5.2810790366493165,5.2810790366493165,288.0,0.001001951234565603,0.0,5,5,5,5,5,5,5,5,5,5,5
GET,/jsonresponse?seed=6742&arraysize=10000&requestnumber=6525,1,0,5.481305008288473,5.481305008288473,5.481305008288473,5.481305008288473,288.0,0.001001951234565603,0.0,5,5,5,5,5,5,5,5,5,5,5
GET,/jsonresponse?seed=6774&arraysize=10000&requestnumber=3578,1,0,5.440152017399669,5.440152017399669,5.440152017399669,5.440152017399669,287.0,0.001001951234565603,0.0,5,5,5,5,5,5,5,5,5,5,5
GET,/jsonresponse?seed=6798&arraysize=10000&requestnumber=1731,1,0,6.312151963356882,6.312151963356882,6.312151963356882,6.312151963356882,288.0,0.001001951234565603,0.0,6,6,6,6,6,6,6,6,6,6,6
GET,/jsonresponse?seed=6804&arraysize=10000&requestnumber=4157,1,0,5.406363983638585,5.406363983638585,5.406363983638585,5.406363983638585,288.0,0.001001951234565603,0.0,5,5,5,5,5,5,5,5,5,5,5
GET,/jsonresponse?seed=6821&arraysize=10000&requestnumber=1371,1,0,20.21677902666852,20.21677902666852,20.21677902666852,20.21677902666852,288.0,0.001001951234565603,0.0,20,20,20,20,20,20,20,20,20,20,20
GET,/jsonresponse?seed=6832&arraysize=10000&requestnumber=2813,1,0,6.822152994573116,6.822152994573116,6.822152994573116,6.822152994573116,287.0,0.001001951234565603,0.0,7,7,7,7,7,7,7,7,7,7,7
GET,/jsonresponse?seed=6875&arraysize=10000&requestnumber=1734,1,0,5.553623952437192,5.553623952437192,5.553623952437192,5.553623952437192,288.0,0.001001951234565603,0.0,6,6,6,6,6,6,6,6,6,6,6
GET,/jsonresponse?seed=6894&arraysize=10000&requestnumber=4142,1,0,5.350335035473108,5.350335035473108,5.350335035473108,5.350335035473108,289.0,0.001001951234565603,0.0,5,5,5,5,5,5,5,5,5,5,5
GET,/jsonresponse?seed=6901&arraysize=10000&requestnumber=2727,1,0,5.94177603488788,5.94177603488788,5.94177603488788,5.94177603488788,287.0,0.001001951234565603,0.0,6,6,6,6,6,6,6,6,6,6,6
GET,/jsonresponse?seed=6910&arraysize=10000&requestnumber=3964,1,0,5.376624991185963,5.376624991185963,5.376624991185963,5.376624991185963,287.0,0.001001951234565603,0.0,5,5,5,5,5,5,5,5,5,5,5
GET,/jsonresponse?seed=6914&arraysize=10000&requestnumber=9433,1,0,8.793478016741574,8.793478016741574,8.793478016741574,8.793478016741574,286.0,0.001001951234565603,0.0,9,9,9,9,9,9,9,9,9,9,9
GET,/jsonresponse?seed=6930&arraysize=10000&requestnumber=603,1,0,5.810305010527372,5.810305010527372,5.810305010527372,5.810305010527372,286.0,0.001001951234565603,0.0,6,6,6,6,6,6,6,6,6,6,6
GET,/jsonresponse?seed=6945&arraysize=10000&requestnumber=6458,1,0,6.796292960643768,6.796292960643768,6.796292960643768,6.796292960643768,287.0,0.001001951234565603,0.0,7,7,7,7,7,7,7,7,7,7,7
GET,/jsonresponse?seed=6972&arraysize=10000&requestnumber=7174,1,0,8.009568962734193,8.009568962734193,8.009568962734193,8.009568962734193,289.0,0.001001951234565603,0.0,8,8,8,8,8,8,8,8,8,8,8
GET,/jsonresponse?seed=6978&arraysize=10000&requestnumber=8891,1,0,21.50842803530395,21.50842803530395,21.50842803530395,21.50842803530395,287.0,0.001001951234565603,0.0,22,22,22,22,22,22,22,22,22,22,22
GET,/jsonresponse?seed=7003&arraysize=10000&requestnumber=3749,1,0,14.743381994776428,14.743381994776428,14.743381994776428,14.743381994776428,288.0,0.001001951234565603,0.0,15,15,15,15,15,15,15,15,15,15,15
GET,/jsonresponse?seed=7021&arraysize=10000&requestnumber=6215,1,0,18.365477037150413,18.365477037150413,18.365477037150413,18.365477037150413,287.0,0.001001951234565603,0.0,18,18,18,18,18,18,18,18,18,18,18
GET,/jsonresponse?seed=7048&arraysize=10000&requestnumber=4440,1,0,8.454466005787253,8.454466005787253,8.454466005787253,8.454466005787253,288.0,0.001001951234565603,0.0,8,8,8,8,8,8,8,8,8,8,8
GET,/jsonresponse?seed=705&arraysize=10000&requestnumber=1984,1,0,5.562517966609448,5.562517966609448,5.562517966609448,5.562517966609448,286.0,0.001001951234565603,0.0,6,6,6,6,6,6,6,6,6,6,6
GET,/jsonresponse?seed=7055&arraysize=10000&requestnumber=1312,1,0,5.258878984022886,5.258878984022886,5.258878984022886,5.258878984022886,287.0,0.001001951234565603,0.0,5,5,5,5,5,5,5,5,5,5,5
GET,/jsonresponse?seed=7081&arraysize=10000&requestnumber=1389,1,0,8.195072005037218,8.195072005037218,8.195072005037218,8.195072005037218,289.0,0.001001951234565603,0.0,8,8,8,8,8,8,8,8,8,8,8
GET,/jsonresponse?seed=7095&arraysize=10000&requestnumber=5613,1,0,5.337855021934956,5.337855021934956,5.337855021934956,5.337855021934956,288.0,0.001001951234565603,0.0,5,5,5,5,5,5,5,5,5,5,5
GET,/jsonresponse?seed=7168&arraysize=10000&requestnumber=198,1,0,5.339428025763482,5.339428025763482,5.339428025763482,5.339428025763482,288.0,0.001001951234565603,0.0,5,5,5,5,5,5,5,5,5,5,5
GET,/jsonresponse?seed=7207&arraysize=10000&requestnumber=1424,1,0,6.65101403137669,6.65101403137669,6.65101403137669,6.65101403137669,289.0,0.001001951234565603,0.0,7,7,7,7,7,7,7,7,7,7,7
GET,/jsonresponse?seed=7217&arraysize=10000&requestnumber=9469,1,0,5.189121991861612,5.189121991861612,5.189121991861612,5.189121991861612,287.0,0.001001951234565603,0.0,5,5,5,5,5,5,5,5,5,5,5
GET,/jsonresponse?seed=7274&arraysize=10000&requestnumber=7840,1,0,5.311321001499891,5.311321001499891,5.311321001499891,5.311321001499891,289.0,0.001001951234565603,0.0,5,5,5,5,5,5,5,5,5,5,5
GET,/jsonresponse?seed=7311&arraysize=10000&requestnumber=7578,1,0,5.2188189583830535,5.2188189583830535,5.2188189583830535,5.2188189583830535,289.0,0.001001951234565603,0.0,5,5,5,5,5,5,5,5,5,5,5
GET,/jsonresponse?seed=7339&arraysize=10000&requestnumber=2987,1,0,5.5795430089347064,5.5795430089347064,5.5795430089347064,5.5795430089347064,288.0,0.001001951234565603,0.0,6,6,6,6,6,6,6,6,6,6,6
GET,/jsonresponse?seed=7367&arraysize=10000&requestnumber=1370,1,0,5.476112011820078,5.476112011820078,5.476112011820078,5.476112011820078,288.0,0.001001951234565603,0.0,5,5,5,5,5,5,5,5,5,5,5
GET,/jsonresponse?seed=7389&arraysize=10000&requestnumber=2497,1,0,5.621042975690216,5.621042975690216,5.621042975690216,5.621042975690216,288.0,0.001001951234565603,0.0,6,6,6,6,6,6,6,6,6,6,6
GET,/jsonresponse?seed=7392&arraysize=10000&requestnumber=5706,1,0,6.590861012227833,6.590861012227833,6.590861012227833,6.590861012227833,289.0,0.001001951234565603,0.0,7,7,7,7,7,7,7,7,7,7,7
GET,/jsonresponse?seed=74&arraysize=10000&requestnumber=4638,1,0,5.429171025753021,5.429171025753021,5.429171025753021,5.429171025753021,285.0,0.001001951234565603,0.0,5,5,5,5,5,5,5,5,5,5,5
GET,/jsonresponse?seed=7444&arraysize=10000&requestnumber=7429,1,0,6.245038006454706,6.245038006454706,6.245038006454706,6.245038006454706,288.0,0.001001951234565603,0.0,6,6,6,6,6,6,6,6,6,6,6
GET,/jsonresponse?seed=7461&arraysize=10000&requestnumber=9113,1,0,5.608386010862887,5.608386010862887,5.608386010862887,5.608386010862887,289.0,0.001001951234565603,0.0,6,6,6,6,6,6,6,6,6,6,6
GET,/jsonresponse?seed=7477&arraysize=10000&requestnumber=5452,1,0,5.392731982283294,5.392731982283294,5.392731982283294,5.392731982283294,288.0,0.001001951234565603,0.0,5,5,5,5,5,5,5,5,5,5,5
GET,/jsonresponse?seed=7512&arraysize=10000&requestnumber=7941,1,0,13.321531005203724,13.321531005203724,13.321531005203724,13.321531005203724,289.0,0.001001951234565603,0.0,13,13,13,13,13,13,13,13,13,13,13
GET,/jsonresponse?seed=7537&arraysize=10000&requestnumber=7090,1,0,7.400480972137302,7.400480972137302,7.400480972137302,7.400480972137302,288.0,0.001001951234565603,0.0,7,7,7,7,7,7,7,7,7,7,7
GET,/jsonresponse?seed=7560&arraysize=10000&requestnumber=4941,1,0,5.673802981618792,5.673802981618792,5.673802981618792,5.673802981618792,288.0,0.001001951234565603,0.0,6,6,6,6,6,6,6,6,6,6,6
GET,/jsonresponse?seed=7564&arraysize=10000&requestnumber=8670,1,0,5.457851046230644,5.457851046230644,5.457851046230644,5.457851046230644,288.0,0.001001951234565603,0.0,5,5,5,5,5,5,5,5,5,5,5
GET,/jsonresponse?seed=7583&arraysize=10000&requestnumber=6279,1,0,14.545837009791285,14.545837009791285,14.545837009791285,14.545837009791285,289.0,0.001001951234565603,0.0,15,15,15,15,15,15,15,15,15,15,15
GET,/jsonresponse?seed=7626&arraysize=10000&requestnumber=9955,1,0,5.44218102004379,5.44218102004379,5.44218102004379,5.44218102004379,287.0,0.001001951234565603,0.0,5,5,5,5,5,5,5,5,5,5,5
GET,/jsonresponse?seed=7666&arraysize=10000&requestnumber=3203,1,0,18.29609100241214,18.29609100241214,18.29609100241214,18.29609100241214,289.0,0.001001951234565603,0.0,18,18,18,18,18,18,18,18,18,18,18
GET,/jsonresponse?seed=767&arraysize=10000&requestnumber=5583,1,0,5.342332005966455,5.342332005966455,5.342332005966455,5.342332005966455,285.0,0.001001951234565603,0.0,5,5,5,5,5,5,5,5,5,5,5
GET,/jsonresponse?seed=7724&arraysize=10000&requestnumber=5696,1,0,21.180173032917082,21.180173032917082,21.180173032917082,21.180173032917082,288.0,0.001001951234565603,0.0,21,21,21,21,21,21,21,21,21,21,21
GET,/jsonresponse?seed=7737&arraysize=10000&requestnumber=1943,1,0,11.133592983242124,11.133592983242124,11.133592983242124,11.133592983242124,287.0,0.001001951234565603,0.0,11,11,11,11,11,11,11,11,11,11,11
GET,/jsonresponse?seed=7751&arraysize=10000&requestnumber=3527,1,0,5.403098999522626,5.403098999522626,5.403098999522626,5.403098999522626,287.0,0.001001951234565603,0.0,5,5,5,5,5,5,5,5,5,5,5
GET,/jsonresponse?seed=7779&arraysize=10000&requestnumber=5728,1,0,5.503100983332843,5.503100983332843,5.503100983332843,5.503100983332843,288.0,0.001001951234565603,0.0,6,6,6,6,6,6,6,6,6,6,6
GET,/jsonresponse?seed=7787&arraysize=10000&requestnumber=7311,1,0,5.527314031496644,5.527314031496644,5.527314031496644,5.527314031496644,288.0,0.001001951234565603,0.0,6,6,6,6,6,6,6,6,6,6,6
GET,/jsonresponse?seed=7803&arraysize=10000&requestnumber=9842,1,0,8.065467001870275,8.065467001870275,8.065467001870275,8.065467001870275,287.0,0.001001951234565603,0.0,8,8,8,8,8,8,8,8,8,8,8
GET,/jsonresponse?seed=7832&arraysize=10000&requestnumber=4951,1,0,6.2847029766999185,6.2847029766999185,6.2847029766999185,6.2847029766999185,287.0,0.001001951234565603,0.0,6,6,6,6,6,6,6,6,6,6,6
GET,/jsonresponse?seed=7886&arraysize=10000&requestnumber=275,1,0,5.292031040880829,5.292031040880829,5.292031040880829,5.292031040880829,287.0,0.001001951234565603,0.0,5,5,5,5,5,5,5,5,5,5,5
GET,/jsonresponse?seed=7890&arraysize=10000&requestnumber=3191,1,0,9.00332594756037,9.00332594756037,9.00332594756037,9.00332594756037,286.0,0.001001951234565603,0.0,9,9,9,9,9,9,9,9,9,9,9
GET,/jsonresponse?seed=7905&arraysize=10000&requestnumber=9843,1,0,5.315992049872875,5.315992049872875,5.315992049872875,5.315992049872875,288.0,0.001001951234565603,0.0,5,5,5,5,5,5,5,5,5,5,5
GET,/jsonresponse?seed=7906&arraysize=10000&requestnumber=9329,1,0,6.402297993190587,6.402297993190587,6.402297993190587,6.402297993190587,288.0,0.001001951234565603,0.0,6,6,6,6,6,6,6,6,6,6,6
GET,/jsonresponse?seed=7944&arraysize=10000&requestnumber=3181,1,0,5.425048002507538,5.425048002507538,5.425048002507538,5.425048002507538,289.0,0.001001951234565603,0.0,5,5,5,5,5,5,5,5,5,5,5
GET,/jsonresponse?seed=7949&arraysize=10000&requestnumber=2676,1,0,6.414947973098606,6.414947973098606,6.414947973098606,6.414947973098606,289.0,0.001001951234565603,0.0,6,6,6,6,6,6,6,6,6,6,6
GET,/jsonresponse?seed=7959&arraysize=10000&requestnumber=2738,1,0,5.384445015806705,5.384445015806705,5.384445015806705,5.384445015806705,287.0,0.001001951234565603,0.0,5,5,5,5,5,5,5,5,5,5,5
GET,/jsonresponse?seed=7961&arraysize=10000&requestnumber=5995,1,0,5.692120001185685,5.692120001185685,5.692120001185685,5.692120001185685,289.0,0.001001951234565603,0.0,6,6,6,6,6,6,6,6,6,6,6
GET,/jsonresponse?seed=7962&arraysize=10000&requestnumber=2368,1,0,5.3801279864273965,5.3801279864273965,5.3801279864273965,5.3801279864273965,289.0,0.001001951234565603,0.0,5,5,5,5,5,5,5,5,5,5,5
GET,/jsonresponse?seed=7970&arraysize=10000&requestnumber=3520,1,0,5.633125954773277,5.633125954773277,5.633125954773277,5.633125954773277,288.0,0.001001951234565603,0.0,6,6,6,6,6,6,6,6,6,6,6
GET,/jsonresponse?seed=7997&arraysize=10000&requestnumber=2261,1,0,5.590102984569967,5.590102984569967,5.590102984569967,5.590102984569967,289.0,0.001001951234565603,0.0,6,6,6,6,6,6,6,6,6,6,6
GET,/jsonresponse?seed=8025&arraysize=10000&requestnumber=8918,1,0,6.580093991942704,6.580093991942704,6.580093991942704,6.580093991942704,286.0,0.001001951234565603,0.0,7,7,7,7,7,7,7,7,7,7,7
GET,/jsonresponse?seed=803&arraysize=10000&requestnumber=8503,1,0,5.6007300154305995,5.6007300154305995,5.6007300154305995,5.6007300154305995,286.0,0.001001951234565603,0.0,6,6,6,6,6,6,6,6,6,6,6
GET,/jsonresponse?seed=8062&arraysize=10000&requestnumber=1250,1,0,5.426384042948484,5.426384042948484,5.426384042948484,5.426384042948484,289.0,0.001001951234565603,0.0,5,5,5,5,5,5,5,5,5,5,5
GET,/jsonresponse?seed=8072&arraysize=10000&requestnumber=1230,1,0,6.075960001908243,6.075960001908243,6.075960001908243,6.075960001908243,288.0,0.001001951234565603,0.0,6,6,6,6,6,6,6,6,6,6,6
GET,/jsonresponse?seed=8115&arraysize=10000&requestnumber=1780,1,0,10.44584100600332,10.44584100600332,10.44584100600332,10.44584100600332,286.0,0.001001951234565603,0.0,10,10,10,10,10,10,10,10,10,10,10
GET,/jsonresponse?seed=8128&arraysize=10000&requestnumber=6688,1,0,6.374868971761316,6.374868971761316,6.374868971761316,6.374868971761316,288.0,0.001001951234565603,0.0,6,6,6,6,6,6,6,6,6,6,6
GET,/jsonresponse?seed=8128&arraysize=10000&requestnumber=8202,1,0,5.3991450113244355,5.3991450113244355,5.3991450113244355,5.3991450113244355,288.0,0.001001951234565603,0.0,5,5,5,5,5,5,5,5,5,5,5
GET,/jsonresponse?seed=8157&arraysize=10000&requestnumber=5194,1,0,10.34754398278892,10.34754398278892,10.34754398278892,10.34754398278892,287.0,0.001001951234565603,0.0,10,10,10,10,10,10,10,10,10,10,10
GET,/jsonresponse?seed=8162&arraysize=10000&requestnumber=76,1,0,5.605369980912656,5.605369980912656,5.605369980912656,5.605369980912656,285.0,0.001001951234565603,0.0,6,6,6,6,6,6,6,6,6,6,6
GET,/jsonresponse?seed=817&arraysize=10000&requestnumber=9751,1,0,9.458386979531497,9.458386979531497,9.458386979531497,9.458386979531497,286.0,0.001001951234565603,0.0,9,9,9,9,9,9,9,9,9,9,9
GET,/jsonresponse?seed=8183&arraysize=10000&requestnumber=101,1,0,11.919425043743104,11.919425043743104,11.919425043743104,11.919425043743104,287.0,0.001001951234565603,0.0,12,12,12,12,12,12,12,12,12,12,12
GET,/jsonresponse?seed=8197&arraysize=10000&requestnumber=9365,1,0,5.553216964472085,5.553216964472085,5.553216964472085,5.553216964472085,288.0,0.001001951234565603,0.0,6,6,6,6,6,6,6,6,6,6,6
GET,/jsonresponse?seed=8211&arraysize=10000&requestnumber=8375,1,0,5.2650359575636685,5.2650359575636685,5.2650359575636685,5.2650359575636685,288.0,0.001001951234565603,0.0,5,5,5,5,5,5,5,5,5,5,5
GET,/jsonresponse?seed=8234&arraysize=10000&requestnumber=104,1,0,5.5060930317267776,5.5060930317267776,5.5060930317267776,5.5060930317267776,285.0,0.001001951234565603,0.0,6,6,6,6,6,6,6,6,6,6,6
GET,/jsonresponse?seed=8246&arraysize=10000&requestnumber=7805,1,0,5.51548000657931,5.51548000657931,5.51548000657931,5.51548000657931,288.0,0.001001951234565603,0.0,6,6,6,6,6,6,6,6,6,6,6
GET,/jsonresponse?seed=8247&arraysize=10000&requestnumber=3044,1,0,5.368652055040002,5.368652055040002,5.368652055040002,5.368652055040002,288.0,0.001001951234565603,0.0,5,5,5,5,5,5,5,5,5,5,5
GET,/jsonresponse?seed=8270&arraysize=10000&requestnumber=8318,1,0,5.2738990052603185,5.2738990052603185,5.2738990052603185,5.2738990052603185,288.0,0.001001951234565603,0.0,5,5,5,5,5,5,5,5,5,5,5
GET,/jsonresponse?seed=8284&arraysize=10000&requestnumber=8587,1,0,8.528503007255495,8.528503007255495,8.528503007255495,8.528503007255495,288.0,0.001001951234565603,0.0,9,9,9,9,9,9,9,9,9,9,9
GET,/jsonresponse?seed=8313&arraysize=10000&requestnumber=5312,1,0,5.351991974748671,5.351991974748671,5.351991974748671,5.351991974748671,289.0,0.001001951234565603,0.0,5,5,5,5,5,5,5,5,5,5,5
GET,/jsonresponse?seed=8317&arraysize=10000&requestnumber=3413,1,0,5.67874702392146,5.67874702392146,5.67874702392146,5.67874702392146,285.0,0.001001951234565603,0.0,6,6,6,6,6,6,6,6,6,6,6
GET,/jsonresponse?seed=8328&arraysize=10000&requestnumber=8793,1,0,5.6444869842380285,5.6444869842380285,5.6444869842380285,5.6444869842380285,289.0,0.001001951234565603,0.0,6,6,6,6,6,6,6,6,6,6,6
GET,/jsonresponse?seed=835&arraysize=10000&requestnumber=6263,1,0,19.781772047281265,19.781772047281265,19.781772047281265,19.781772047281265,287.0,0.001001951234565603,0.0,20,20,20,20,20,20,20,20,20,20,20
GET,/jsonresponse?seed=836&arraysize=10000&requestnumber=1298,1,0,5.691441998351365,5.691441998351365,5.691441998351365,5.691441998351365,286.0,0.001001951234565603,0.0,6,6,6,6,6,6,6,6,6,6,6
GET,/jsonresponse?seed=8389&arraysize=10000&requestnumber=7785,1,0,5.6134340120479465,5.6134340120479465,5.6134340120479465,5.6134340120479465,288.0,0.001001951234565603,0.0,6,6,6,6,6,6,6,6,6,6,6
GET,/jsonresponse?seed=8418&arraysize=10000&requestnumber=3825,1,0,5.493514006957412,5.493514006957412,5.493514006957412,5.493514006957412,288.0,0.001001951234565603,0.0,5,5,5,5,5,5,5,5,5,5,5
GET,/jsonresponse?seed=8422&arraysize=10000&requestnumber=8945,1,0,7.914589019492269,7.914589019492269,7.914589019492269,7.914589019492269,289.0,0.001001951234565603,0.0,8,8,8,8,8,8,8,8,8,8,8
GET,/jsonresponse?seed=8456&arraysize=10000&requestnumber=5655,1,0,5.78303897054866,5.78303897054866,5.78303897054866,5.78303897054866,287.0,0.001001951234565603,0.0,6,6,6,6,6,6,6,6,6,6,6
GET,/jsonresponse?seed=8532&arraysize=10000&requestnumber=3311,1,0,6.502364994958043,6.502364994958043,6.502364994958043,6.502364994958043,286.0,0.001001951234565603,0.0,7,7,7,7,7,7,7,7,7,7,7
GET,/jsonresponse?seed=8538&arraysize=10000&requestnumber=8376,1,0,5.412544007413089,5.412544007413089,5.412544007413089,5.412544007413089,289.0,0.001001951234565603,0.0,5,5,5,5,5,5,5,5,5,5,5
GET,/jsonresponse?seed=8566&arraysize=10000&requestnumber=1938,1,0,17.803342023398727,17.803342023398727,17.803342023398727,17.803342023398727,288.0,0.001001951234565603,0.0,18,18,18,18,18,18,18,18,18,18,18
GET,/jsonresponse?seed=8569&arraysize=10000&requestnumber=1256,1,0,5.571677000261843,5.571677000261843,5.571677000261843,5.571677000261843,287.0,0.001001951234565603,0.0,6,6,6,6,6,6,6,6,6,6,6
GET,/jsonresponse?seed=8585&arraysize=10000&requestnumber=4948,1,0,5.382432951591909,5.382432951591909,5.382432951591909,5.382432951591909,286.0,0.001001951234565603,0.0,5,5,5,5,5,5,5,5,5,5,5
GET,/jsonresponse?seed=8603&arraysize=10000&requestnumber=7148,1,0,7.2474569897167385,7.2474569897167385,7.2474569897167385,7.2474569897167385,288.0,0.001001951234565603,0.0,7,7,7,7,7,7,7,7,7,7,7
GET,/jsonresponse?seed=8621&arraysize=10000&requestnumber=4733,1,0,7.280240999534726,7.280240999534726,7.280240999534726,7.280240999534726,287.0,0.001001951234565603,0.0,7,7,7,7,7,7,7,7,7,7,7
GET,/jsonresponse?seed=8623&arraysize=10000&requestnumber=8453,1,0,5.459940992295742,5.459940992295742,5.459940992295742,5.459940992295742,288.0,0.001001951234565603,0.0,5,5,5,5,5,5,5,5,5,5,5
GET,/jsonresponse?seed=8656&arraysize=10000&requestnumber=8277,1,0,5.283682025037706,5.283682025037706,5.283682025037706,5.283682025037706,288.0,0.001001951234565603,0.0,5,5,5,5,5,5,5,5,5,5,5
GET,/jsonresponse?seed=8679&arraysize=10000&requestnumber=5383,1,0,5.653920001350343,5.653920001350343,5.653920001350343,5.653920001350343,288.0,0.001001951234565603,0.0,6,6,6,6,6,6,6,6,6,6,6
GET,/jsonresponse?seed=8687&arraysize=10000&requestnumber=1082,1,0,5.482206994201988,5.482206994201988,5.482206994201988,5.482206994201988,287.0,0.001001951234565603,0.0,5,5,5,5,5,5,5,5,5,5,5
GET,/jsonresponse?seed=8693&arraysize=10000&requestnumber=3688,1,0,5.488993949256837,5.488993949256837,5.488993949256837,5.488993949256837,288.0,0.001001951234565603,0.0,5,5,5,5,5,5,5,5,5,5,5
GET,/jsonresponse?seed=870&arraysize=10000&requestnumber=4890,1,0,7.123415009118617,7.123415009118617,7.123415009118617,7.123415009118617,287.0,0.001001951234565603,0.0,7,7,7,7,7,7,7,7,7,7,7
GET,/jsonresponse?seed=8749&arraysize=10000&requestnumber=7729,1,0,5.553774011787027,5.553774011787027,5.553774011787027,5.553774011787027,288.0,0.001001951234565603,0.0,6,6,6,6,6,6,6,6,6,6,6
GET,/jsonresponse?seed=8767&arraysize=10000&requestnumber=6978,1,0,5.447487987112254,5.447487987112254,5.447487987112254,5.447487987112254,288.0,0.001001951234565603,0.0,5,5,5,5,5,5,5,5,5,5,5
GET,/jsonresponse?seed=88&arraysize=10000&requestnumber=2373,1,0,5.664981959853321,5.664981959853321,5.664981959853321,5.664981959853321,285.0,0.001001951234565603,0.0,6,6,6,6,6,6,6,6,6,6,6
GET,/jsonresponse?seed=8835&arraysize=10000&requestnumber=1914,1,0,7.650195038877428,7.650195038877428,7.650195038877428,7.650195038877428,287.0,0.001001951234565603,0.0,8,8,8,8,8,8,8,8,8,8,8
GET,/jsonresponse?seed=8837&arraysize=10000&requestnumber=6591,1,0,5.327605991624296,5.327605991624296,5.327605991624296,5.327605991624296,287.0,0.001001951234565603,0.0,5,5,5,5,5,5,5,5,5,5,5
GET,/jsonresponse?seed=8851&arraysize=10000&requestnumber=6661,1,0,5.752574012149125,5.752574012149125,5.752574012149125,5.752574012149125,288.0,0.001001951234565603,0.0,6,6,6,6,6,6,6,6,6,6,6
GET,/jsonresponse?seed=8864&arraysize=10000&requestnumber=6946,1,0,5.483464046847075,5.483464046847075,5.483464046847075,5.483464046847075,288.0,0.001001951234565603,0.0,5,5,5,5,5,5,5,5,5,5,5
GET,/jsonresponse?seed=8908&arraysize=10000&requestnumber=7126,1,0,7.311277964618057,7.311277964618057,7.311277964618057,7.311277964618057,288.0,0.001001951234565603,0.0,7,7,7,7,7,7,7,7,7,7,7
GET,/jsonresponse?seed=8911&arraysize=10000&requestnumber=5789,1,0,5.518727994058281,5.518727994058281,5.518727994058281,5.518727994058281,289.0,0.001001951234565603,0.0,6,6,6,6,6,6,6,6,6,6,6
GET,/jsonresponse?seed=8919&arraysize=10000&requestnumber=3151,1,0,5.475513986311853,5.475513986311853,5.475513986311853,5.475513986311853,288.0,0.001001951234565603,0.0,5,5,5,5,5,5,5,5,5,5,5
GET,/jsonresponse?seed=8960&arraysize=10000&requestnumber=8332,1,0,6.535138003528118,6.535138003528118,6.535138003528118,6.535138003528118,288.0,0.001001951234565603,0.0,7,7,7,7,7,7,7,7,7,7,7
GET,/jsonresponse?seed=8983&arraysize=10000&requestnumber=3908,1,0,5.377465044148266,5.377465044148266,5.377465044148266,5.377465044148266,288.0,0.001001951234565603,0.0,5,5,5,5,5,5,5,5,5,5,5
GET,/jsonresponse?seed=901&arraysize=10000&requestnumber=9979,1,0,5.47891401220113,5.47891401220113,5.47891401220113,5.47891401220113,287.0,0.001001951234565603,0.0,5,5,5,5,5,5,5,5,5,5,5
GET,/jsonresponse?seed=9035&arraysize=10000&requestnumber=1059,1,0,5.3033389849588275,5.3033389849588275,5.3033389849588275,5.3033389849588275,288.0,0.001001951234565603,0.0,5,5,5,5,5,5,5,5,5,5,5
GET,/jsonresponse?seed=9040&arraysize=10000&requestnumber=4283,1,0,5.551526963245124,5.551526963245124,5.551526963245124,5.551526963245124,289.0,0.001001951234565603,0.0,6,6,6,6,6,6,6,6,6,6,6
GET,/jsonresponse?seed=9042&arraysize=10000&requestnumber=1223,1,0,5.578359996434301,5.578359996434301,5.578359996434301,5.578359996434301,287.0,0.001001951234565603,0.0,6,6,6,6,6,6,6,6,6,6,6
GET,/jsonresponse?seed=9049&arraysize=10000&requestnumber=6380,1,0,6.416026037186384,6.416026037186384,6.416026037186384,6.416026037186384,289.0,0.001001951234565603,0.0,6,6,6,6,6,6,6,6,6,6,6
GET,/jsonresponse?seed=9070&arraysize=10000&requestnumber=816,1,0,5.637840018607676,5.637840018607676,5.637840018607676,5.637840018607676,288.0,0.001001951234565603,0.0,6,6,6,6,6,6,6,6,6,6,6
GET,/jsonresponse?seed=9095&arraysize=10000&requestnumber=7829,1,0,6.177187024150044,6.177187024150044,6.177187024150044,6.177187024150044,287.0,0.001001951234565603,0.0,6,6,6,6,6,6,6,6,6,6,6
GET,/jsonresponse?seed=9136&arraysize=10000&requestnumber=2780,1,0,5.334788991604,5.334788991604,5.334788991604,5.334788991604,289.0,0.001001951234565603,0.0,5,5,5,5,5,5,5,5,5,5,5
GET,/jsonresponse?seed=9187&arraysize=10000&requestnumber=5551,1,0,17.611810995731503,17.611810995731503,17.611810995731503,17.611810995731503,289.0,0.001001951234565603,0.0,18,18,18,18,18,18,18,18,18,18,18
GET,/jsonresponse?seed=919&arraysize=10000&requestnumber=6624,1,0,5.44182799058035,5.44182799058035,5.44182799058035,5.44182799058035,288.0,0.001001951234565603,0.0,5,5,5,5,5,5,5,5,5,5,5
GET,/jsonresponse?seed=9196&arraysize=10000&requestnumber=2588,1,0,5.297878000419587,5.297878000419587,5.297878000419587,5.297878000419587,289.0,0.001001951234565603,0.0,5,5,5,5,5,5,5,5,5,5,5
GET,/jsonresponse?seed=92&arraysize=10000&requestnumber=2559,1,0,5.437407991848886,5.437407991848886,5.437407991848886,5.437407991848886,284.0,0.001001951234565603,0.0,5,5,5,5,5,5,5,5,5,5,5
GET,/jsonresponse?seed=9227&arraysize=10000&requestnumber=4369,1,0,7.362012984231114,7.362012984231114,7.362012984231114,7.362012984231114,289.0,0.001001951234565603,0.0,7,7,7,7,7,7,7,7,7,7,7
GET,/jsonresponse?seed=9235&arraysize=10000&requestnumber=7642,1,0,8.252029947470874,8.252029947470874,8.252029947470874,8.252029947470874,286.0,0.001001951234565603,0.0,8,8,8,8,8,8,8,8,8,8,8
GET,/jsonresponse?seed=9258&arraysize=10000&requestnumber=6750,1,0,5.467448034323752,5.467448034323752,5.467448034323752,5.467448034323752,288.0,0.001001951234565603,0.0,5,5,5,5,5,5,5,5,5,5,5
GET,/jsonresponse?seed=9282&arraysize=10000&requestnumber=9096,1,0,6.582240981515497,6.582240981515497,6.582240981515497,6.582240981515497,287.0,0.001001951234565603,0.0,7,7,7,7,7,7,7,7,7,7,7
GET,/jsonresponse?seed=9325&arraysize=10000&requestnumber=4171,1,0,6.379414990078658,6.379414990078658,6.379414990078658,6.379414990078658,287.0,0.001001951234565603,0.0,6,6,6,6,6,6,6,6,6,6,6
GET,/jsonresponse?seed=9327&arraysize=10000&requestnumber=8303,1,0,5.642529984470457,5.642529984470457,5.642529984470457,5.642529984470457,287.0,0.001001951234565603,0.0,6,6,6,6,6,6,6,6,6,6,6
GET,/jsonresponse?seed=9346&arraysize=10000&requestnumber=1148,1,0,5.30425802571699,5.30425802571699,5.30425802571699,5.30425802571699,288.0,0.001001951234565603,0.0,5,5,5,5,5,5,5,5,5,5,5
GET,/jsonresponse?seed=9366&arraysize=10000&requestnumber=3081,1,0,14.0023099957034,14.0023099957034,14.0023099957034,14.0023099957034,288.0,0.001001951234565603,0.0,14,14,14,14,14,14,14,14,14,14,14
GET,/jsonresponse?seed=9395&arraysize=10000&requestnumber=8868,1,0,5.454168014694005,5.454168014694005,5.454168014694005,5.454168014694005,289.0,0.001001951234565603,0.0,5,5,5,5,5,5,5,5,5,5,5
GET,/jsonresponse?seed=9399&arraysize=10000&requestnumber=7335,1,0,5.298489006236196,5.298489006236196,5.298489006236196,5.298489006236196,288.0,0.001001951234565603,0.0,5,5,5,5,5,5,5,5,5,5,5
GET,/jsonresponse?seed=9404&arraysize=10000&requestnumber=234,1,0,5.663727002684027,5.663727002684027,5.663727002684027,5.663727002684027,287.0,0.001001951234565603,0.0,6,6,6,6,6,6,6,6,6,6,6
GET,/jsonresponse?seed=9413&arraysize=10000&requestnumber=8558,1,0,8.078946964815259,8.078946964815259,8.078946964815259,8.078946964815259,288.0,0.001001951234565603,0.0,8,8,8,8,8,8,8,8,8,8,8
GET,/jsonresponse?seed=9442&arraysize=10000&requestnumber=9425,1,0,5.500451021362096,5.500451021362096,5.500451021362096,5.500451021362096,289.0,0.001001951234565603,0.0,6,6,6,6,6,6,6,6,6,6,6
GET,/jsonresponse?seed=9453&arraysize=10000&requestnumber=91,1,0,5.496820958796889,5.496820958796889,5.496820958796889,5.496820958796889,286.0,0.001001951234565603,0.0,5,5,5,5,5,5,5,5,5,5,5
GET,/jsonresponse?seed=9456&arraysize=10000&requestnumber=638,1,0,6.75609998870641,6.75609998870641,6.75609998870641,6.75609998870641,285.0,0.001001951234565603,0.0,7,7,7,7,7,7,7,7,7,7,7
GET,/jsonresponse?seed=9473&arraysize=10000&requestnumber=6742,1,0,5.584297003224492,5.584297003224492,5.584297003224492,5.584297003224492,288.0,0.001001951234565603,0.0,6,6,6,6,6,6,6,6,6,6,6
GET,/jsonresponse?seed=9489&arraysize=10000&requestnumber=2053,1,0,47.723503957968205,47.723503957968205,47.723503957968205,47.723503957968205,288.0,0.001001951234565603,0.0,48,48,48,48,48,48,48,48,48,48,48
GET,/jsonresponse?seed=9505&arraysize=10000&requestnumber=6647,1,0,7.373105036094785,7.373105036094785,7.373105036094785,7.373105036094785,288.0,0.001001951234565603,0.0,7,7,7,7,7,7,7,7,7,7,7
GET,/jsonresponse?seed=9507&arraysize=10000&requestnumber=1551,1,0,6.060457031708211,6.060457031708211,6.060457031708211,6.060457031708211,287.0,0.001001951234565603,0.0,6,6,6,6,6,6,6,6,6,6,6
GET,/jsonresponse?seed=9517&arraysize=10000&requestnumber=8509,1,0,5.523766973055899,5.523766973055899,5.523766973055899,5.523766973055899,288.0,0.001001951234565603,0.0,6,6,6,6,6,6,6,6,6,6,6
GET,/jsonresponse?seed=9537&arraysize=10000&requestnumber=3087,1,0,16.29645103821531,16.29645103821531,16.29645103821531,16.29645103821531,288.0,0.001001951234565603,0.0,16,16,16,16,16,16,16,16,16,16,16
GET,/jsonresponse?seed=954&arraysize=10000&requestnumber=4332,1,0,5.272109003271908,5.272109003271908,5.272109003271908,5.272109003271908,288.0,0.001001951234565603,0.0,5,5,5,5,5,5,5,5,5,5,5
GET,/jsonresponse?seed=9563&arraysize=10000&requestnumber=260,1,0,6.038594001438469,6.038594001438469,6.038594001438469,6.038594001438469,286.0,0.001001951234565603,0.0,6,6,6,6,6,6,6,6,6,6,6
GET,/jsonresponse?seed=9625&arraysize=10000&requestnumber=5757,1,0,21.277057006955147,21.277057006955147,21.277057006955147,21.277057006955147,288.0,0.001001951234565603,0.0,21,21,21,21,21,21,21,21,21,21,21
GET,/jsonresponse?seed=9625&arraysize=10000&requestnumber=8625,1,0,5.283184989821166,5.283184989821166,5.283184989821166,5.283184989821166,288.0,0.001001951234565603,0.0,5,5,5,5,5,5,5,5,5,5,5
GET,/jsonresponse?seed=9688&arraysize=10000&requestnumber=8725,1,0,6.341744970995933,6.341744970995933,6.341744970995933,6.341744970995933,288.0,0.001001951234565603,0.0,6,6,6,6,6,6,6,6,6,6,6
GET,/jsonresponse?seed=9696&arraysize=10000&requestnumber=632,1,0,6.295686005614698,6.295686005614698,6.295686005614698,6.295686005614698,288.0,0.001001951234565603,0.0,6,6,6,6,6,6,6,6,6,6,6
GET,/jsonresponse?seed=9709&arraysize=10000&requestnumber=1270,1,0,8.419752994086593,8.419752994086593,8.419752994086593,8.419752994086593,289.0,0.001001951234565603,0.0,8,8,8,8,8,8,8,8,8,8,8
GET,/jsonresponse?seed=9760&arraysize=10000&requestnumber=9663,1,0,5.451805016491562,5.451805016491562,5.451805016491562,5.451805016491562,288.0,0.001001951234565603,0.0,5,5,5,5,5,5,5,5,5,5,5
GET,/jsonresponse?seed=9771&arraysize=10000&requestnumber=8444,1,0,5.652485997416079,5.652485997416079,5.652485997416079,5.652485997416079,289.0,0.001001951234565603,0.0,6,6,6,6,6,6,6,6,6,6,6
GET,/jsonresponse?seed=9781&arraysize=10000&requestnumber=8866,1,0,5.311094981152564,5.311094981152564,5.311094981152564,5.311094981152564,287.0,0.001001951234565603,0.0,5,5,5,5,5,5,5,5,5,5,5
GET,/jsonresponse?seed=9794&arraysize=10000&requestnumber=6612,1,0,5.392212013248354,5.392212013248354,5.392212013248354,5.392212013248354,287.0,0.001001951234565603,0.0,5,5,5,5,5,5,5,5,5,5,5
GET,/jsonresponse?seed=9800&arraysize=10000&requestnumber=5944,1,0,11.237312981393188,11.237312981393188,11.237312981393188,11.237312981393188,286.0,0.001001951234565603,0.0,11,11,11,11,11,11,11,11,11,11,11
GET,/jsonresponse?seed=983&arraysize=10000&requestnumber=4220,1,0,5.438980995677412,5.438980995677412,5.438980995677412,5.438980995677412,286.0,0.001001951234565603,0.0,5,5,5,5,5,5,5,5,5,5,5
GET,/jsonresponse?seed=9899&arraysize=10000&requestnumber=5551,1,0,5.3899209597148,5.3899209597148,5.3899209597148,5.3899209597148,288.0,0.001001951234565603,0.0,5,5,5,5,5,5,5,5,5,5,5
GET,/jsonresponse?seed=9902&arraysize=10000&requestnumber=8597,1,0,5.4483540006913245,5.4483540006913245,5.4483540006913245,5.4483540006913245,287.0,0.001001951234565603,0.0,5,5,5,5,5,5,5,5,5,5,5
GET,/jsonresponse?seed=9923&arraysize=10000&requestnumber=3971,1,0,5.501963954884559,5.501963954884559,5.501963954884559,5.501963954884559,286.0,0.001001951234565603,0.0,6,6,6,6,6,6,6,6,6,6,6
GET,/jsonresponse?seed=9925&arraysize=10000&requestnumber=3645,1,0,8.523205993697047,8.523205993697047,8.523205993697047,8.523205993697047,288.0,0.001001951234565603,0.0,9,9,9,9,9,9,9,9,9,9,9
GET,/jsonresponse?seed=9933&arraysize=10000&requestnumber=2755,1,0,5.51213399739936,5.51213399739936,5.51213399739936,5.51213399739936,288.0,0.001001951234565603,0.0,6,6,6,6,6,6,6,6,6,6,6
GET,/jsonresponse?seed=996&arraysize=10000&requestnumber=3959,1,0,5.547060980461538,5.547060980461538,5.547060980461538,5.547060980461538,287.0,0.001001951234565603,0.0,6,6,6,6,6,6,6,6,6,6,6
GET,/jsonresponse?seed=9960&arraysize=10000&requestnumber=6277,1,0,5.376177956350148,5.376177956350148,5.376177956350148,5.376177956350148,289.0,0.001001951234565603,0.0,5,5,5,5,5,5,5,5,5,5,5
GET,/jsonresponse?seed=9985&arraysize=10000&requestnumber=8845,1,0,5.626747035421431,5.626747035421431,5.626747035421431,5.626747035421431,287.0,0.001001951234565603,0.0,6,6,6,6,6,6,6,6,6,6,6
,Aggregated,500,0,6,7.439559107879177,5.189121991861612,47.723503957968205,287.506,0.5009756172828014,0.0,6,6,7,7,12,18,23,31,48,48,48
